wallet,role,token_outcome_norm,notional_usd,trade_count
0x00425c692a667981118f679ef68fdc775257321e,maker,YES,14987.20413,11
0x00425c692a667981118f679ef68fdc775257321e,taker,NO,4471.476000000001,4
0x00425c692a667981118f679ef68fdc775257321e,taker,YES,4771.576730000001,3
0x01adea599a865a092b51ee4573581a75fc1390f6,maker,NO,1851.8834299999999,2
0x01b2a484440dc17f323e565b48f6faed756c0dcf,maker,YES,667.24366,1
0x01b2a484440dc17f323e565b48f6faed756c0dcf,taker,NO,803.277,1
0x030a01fff8762c0747b6dbc589b28ee6cea8acfc,maker,YES,19848.64877,10
0x030a01fff8762c0747b6dbc589b28ee6cea8acfc,taker,NO,5434.15654,4
0x030a01fff8762c0747b6dbc589b28ee6cea8acfc,taker,YES,13429.19915,5
0x033ac9f02e37c679be5b4537e9f0f45788707188,maker,NO,1271.57294,1
0x033ac9f02e37c679be5b4537e9f0f45788707188,taker,NO,702.099,1
0x042a1caf0b0d51d4fe5abc5d8832c2c9a5ffb153,maker,YES,1588.94544,1
0x042a1caf0b0d51d4fe5abc5d8832c2c9a5ffb153,taker,YES,1131.0,1
0x0481be0c6f8997795c043dcc120970dd5492bfec,maker,NO,3448.64648,2
0x0481be0c6f8997795c043dcc120970dd5492bfec,taker,NO,2865.0,1
0x048215305cbcf7cc790735bf00119551d75c6b0a,taker,NO,3606.6686,3
0x0484ced2f7764c28c0eef3514b48682ee0cde0ee,maker,YES,4662.45934,5
0x0484ced2f7764c28c0eef3514b48682ee0cde0ee,taker,NO,2926.647,3
0x0484ced2f7764c28c0eef3514b48682ee0cde0ee,taker,YES,2150.84107,2
0x067d3da0516367dd7b71cf7ee919c37a9f9aa24e,maker,NO,3551.12748,4
0x08458f7e9d2858027de579e4c3ca305475496b6f,maker,NO,1295.83,2
0x08c897e4780c299061fe683120e5bb18cf931da2,maker,NO,828.38,1
0x09bb2ab1c72871fd3d206cd36bf29a87ec9b1c5c,maker,NO,1501.5029299999999,2
0x0a53282124062874b45d6489a95a26f62c6d7a6f,maker,YES,510.569999,1
0x0a53282124062874b45d6489a95a26f62c6d7a6f,taker,NO,2172.8315709999997,2
0x0a543bb97015206f67e1bc5ead7c2d60baf64a03,maker,NO,38644.994945,12
0x0a543bb97015206f67e1bc5ead7c2d60baf64a03,taker,NO,2552.17556,2
0x0a5b011bf97564b0124289a876bdecea294d1441,taker,NO,874.93024,1
0x0a6d26d31b28fd5a84c301f8b27296612f3b1d0a,maker,NO,16731.554924,19
0x0a6d26d31b28fd5a84c301f8b27296612f3b1d0a,maker,YES,1436.625,2
0x0aa95ca0754923bc369d20f76dd3e9473bccbab4,maker,YES,961.9868,1
0x0aa95ca0754923bc369d20f76dd3e9473bccbab4,taker,NO,2972.63128,3
0x0aa95ca0754923bc369d20f76dd3e9473bccbab4,taker,YES,654.0,1
0x0ab1c1f7f8de728dc291f9cb4788dc2a8c517df3,maker,NO,5762.24327,1
0x0b13ffcfaa14fdf81196a961e1c5750b697a5957,maker,NO,2240.3144,3
0x0bb95597b85b89f83f66929be66edcf4ae7f9725,taker,NO,1212.3995,1
0x0bfb8009df6c46c1fdd79b65896cf224dc4526a7,maker,NO,521.4,1
0x0c753b31f88d32ee9b4112840ce2eed1a8813c94,maker,YES,1834.7247699999998,2
0x0c753b31f88d32ee9b4112840ce2eed1a8813c94,taker,YES,633.47648,1
0x0c79a8f6ef0c1cbb42de3d87fea7985d67801d00,maker,NO,616.86618,1
0x0c79a8f6ef0c1cbb42de3d87fea7985d67801d00,maker,YES,853.00669,1
0x0c79a8f6ef0c1cbb42de3d87fea7985d67801d00,taker,NO,4178.14096,5
0x0c8f308a923218bb83ee2c5d6aebfaeeaefe44f0,taker,NO,1209.483,1
0x0d968f77a4df7236535cc0b235151a97fa000c7f,maker,NO,2342.33622,1
0x0d968f77a4df7236535cc0b235151a97fa000c7f,taker,NO,2030.83622,1
0x0dc5a561af3e3d14bec8b8fc7ef2c0776252a303,maker,YES,1034.78379,1
0x0dc5a561af3e3d14bec8b8fc7ef2c0776252a303,taker,NO,1541.4045,2
0x0dc5a561af3e3d14bec8b8fc7ef2c0776252a303,taker,YES,1034.31762,1
0x0dccfae62418c61d2f9a642e88df39702d8bd87c,maker,NO,13580.69618,6
0x0dd60a6ddeea6f93659789cac7af6a9d12835f62,maker,NO,4994.95684,5
0x0dd60a6ddeea6f93659789cac7af6a9d12835f62,taker,NO,605.20302,1
0x0e3ed3bb34f90a1a72d19e5a7b13b624cf488694,maker,YES,631.81095,1
0x0e5bd76779e74304d08e759072abf126d87da593,maker,NO,65771.476867,5
0x0e5bd76779e74304d08e759072abf126d87da593,taker,NO,18534.63493,8
0x0e5bd76779e74304d08e759072abf126d87da593,taker,YES,2050.0,2
0x0eafc20c32e3885f9dd7bd68c56484cad61b97e2,maker,YES,8396.84493,2
0x0eafc20c32e3885f9dd7bd68c56484cad61b97e2,taker,NO,22163.65712,15
0x0eafc20c32e3885f9dd7bd68c56484cad61b97e2,taker,YES,3363.673,2
0x0eb542bc2695792d3f267bfcd1c16a40986550c3,taker,NO,547.344,1
0x0ec7ca9eb0b2589d6e292e0fadc902354738f874,maker,NO,1730.0302299999998,2
0x0ec7ca9eb0b2589d6e292e0fadc902354738f874,taker,NO,955.03023,1
0x0eea29de2a8be9e866fd75a7b9f148ebbeac726b,maker,NO,5647.9839,2
0x10fc6c4395bc1690ee6b79a1f0e93a1a0b6b9606,maker,NO,11212.993882,10
0x1190bb5d2794eb1d5a61e3d3e06ce8fbadbb9c52,taker,NO,1473.069767,1
0x11b3d48b40cbc089b04e84f2aaca85b901221a97,maker,NO,996.429998,1
0x11b3d48b40cbc089b04e84f2aaca85b901221a97,taker,NO,654.29915,1
0x12acdd2a2be42b9410211132d45ac3ba91158669,maker,YES,1053.0755,1
0x12acdd2a2be42b9410211132d45ac3ba91158669,taker,NO,1666.08,2
0x12acdd2a2be42b9410211132d45ac3ba91158669,taker,YES,680.0,1
0x12e6025735c14bf10532bddf210a871df1e12207,maker,NO,596.32284,1
0x13b3f8bdb86b592058c008d55497d5e25a647552,taker,NO,673.55644,1
0x1424a9e0a0def5a86c3c6cffbd8b6c65e1b12c7f,taker,NO,2192.689467,2
0x144271cc55f8e3b1c0587a4360a69ad82cc15a8f,maker,NO,1908.885613,2
0x14a35308f2d4161edb602211aaaea9f221dcd24f,maker,YES,867.09045,1
0x14a35308f2d4161edb602211aaaea9f221dcd24f,taker,NO,996.0,1
0x14f742820b9c71f4221ee948ed4aba20cd7e232c,taker,NO,1510.248985,1
0x150657df3cc85b57834e2fb697dd63c095ceca77,maker,YES,1310.719998,2
0x150657df3cc85b57834e2fb697dd63c095ceca77,taker,YES,555.353929,1
0x1615086ace48440b0bc0da28a9dfc3d6e8208f2b,maker,NO,649.112,1
0x162b966eaafcd3814b3037532c59c8e2005de154,maker,NO,615.72023,1
0x167a807987c8da3aea97bc36cb394fc04d3c91d5,maker,NO,2227.10926,3
0x167a807987c8da3aea97bc36cb394fc04d3c91d5,taker,NO,658.44,1
0x17a52d6d743362fe8cffd4a3c5e9290582c515c9,maker,YES,794.649999,1
0x17a52d6d743362fe8cffd4a3c5e9290582c515c9,taker,YES,785.679999,1
0x17a7815d67018398af0c7d8e255c129790fb62dd,taker,NO,2999.20515,4
0x17ed7dbfdcfe228016ac50571182f974d59ac087,maker,NO,2790.0,1
0x184f78bcc7fe1a877f6a3b3c98bc21ea184e3728,maker,NO,2665.2789629999997,4
0x184f78bcc7fe1a877f6a3b3c98bc21ea184e3728,maker,YES,684.939999,1
0x184f78bcc7fe1a877f6a3b3c98bc21ea184e3728,taker,NO,719.24424,1
0x198a843b90e1a52d573c6021e2bd6c5d1a093ca3,maker,NO,1900.0,2
0x1b088d915e61a2d2f45ab53712a5b3693da3170f,maker,NO,525.439996,1
0x1b5e20a28d7115f10ce6190a5ae9a91169be83f8,taker,NO,2172.47393,1
0x1b7f34b58a1d90a4f3ccf1c99120ac5258010380,maker,NO,1282.70637,1
0x1c44d3a8a5ee0ea50c8c5ea2813805d230b1f9c3,taker,NO,2089.738636,1
0x1c72797cd4b9b83f42e287144e334c4de347dfb6,maker,NO,8116.618064,6
0x1d16b887703318582321c3c96687f565919ee798,maker,YES,51191.2011,3
0x1d16b887703318582321c3c96687f565919ee798,taker,NO,13699.689769999999,4
0x1d16b887703318582321c3c96687f565919ee798,taker,YES,33115.78543,15
0x1dd197fa8bb4d6887ffecf89b75171aea7d7a156,maker,NO,12300.18565,19
0x1dd197fa8bb4d6887ffecf89b75171aea7d7a156,maker,YES,680.2,1
0x1e0e8f5f626370cbc37e4b09a65e5452d9805001,maker,NO,21939.425638,9
0x1e0e8f5f626370cbc37e4b09a65e5452d9805001,taker,NO,13578.15196,3
0x1e0e8f5f626370cbc37e4b09a65e5452d9805001,taker,YES,921.147721,1
0x1ec6d95503c81c1f5dc83d006ba81dc1e22b7edb,maker,NO,710.25,1
0x1ee3714df6738d885342742c069c22a16d7a0924,taker,NO,752.36374,1
0x1ee9a5fc09665909c0cce297c581703bfbb9197f,maker,NO,2846.4,2
0x1ef32a87051e18a9c0afceaa143e688481c75b9e,maker,YES,2894.70854,1
0x1ef32a87051e18a9c0afceaa143e688481c75b9e,taker,NO,2457.199,2
0x1ef32a87051e18a9c0afceaa143e688481c75b9e,taker,YES,690.0,1
0x1f0f115d8021eb7abf23243bd0e6fdabbc456e2e,maker,NO,10619.237378,12
0x1fa1be3eab546e06e4290839bf4c1d7abfbf1fa9,taker,NO,5514.24665,1
0x200544427dfc822652cb55ca5ca9f99476a9e414,maker,NO,20108.87331,8
0x204b4cdc0bc88253c67abc858514ad2864666a5c,maker,YES,3092.30631,3
0x20c7ef8f47a217652586c9277921842ec35df8db,maker,YES,795.11915,1
0x211e247d8e7f68b78fdace32249ac16c8fd335dd,maker,NO,905.0912,1
0x2120ea0323fcf5446233056467fdb852b4b12647,maker,NO,4526.57096,4
0x2120ea0323fcf5446233056467fdb852b4b12647,taker,NO,2605.75245,1
0x21f446c3c5532f1ebfacbd82a190a75fcffd81a6,taker,NO,1838.5264,1
0x21ffd2b7a212a6f277ed3eca1a9f8efcbca90d71,maker,NO,1429.5,2
0x2200b75c27835935a40308779b5656c09ab40f2d,maker,YES,555.13755,1
0x2200b75c27835935a40308779b5656c09ab40f2d,taker,NO,7552.93478,6
0x2252cc57cfa8516f46331a15839b4eee17aed4f5,taker,NO,1502.141067,2
0x22fb120e8d4807423bf078c0605f717f056822bf,maker,YES,551.0049,1
0x23424dfa86cc17c1aa4917268091ee8214d71928,maker,YES,11583.6616,3
0x241ff966f22080fbee3928e194763e575847e15a,maker,NO,1506.40466,1
0x241ff966f22080fbee3928e194763e575847e15a,taker,NO,701.2845,1
0x24787691ebc296444add2ee3dea03c9d6f9b2e62,maker,NO,802.0,1
0x24787691ebc296444add2ee3dea03c9d6f9b2e62,taker,NO,1768.0,1
0x24c8cf69a0e0a17eee21f69d29752bfa32e823e1,maker,NO,11500.53121,9
0x24c8cf69a0e0a17eee21f69d29752bfa32e823e1,maker,YES,578.7053,1
0x24c8cf69a0e0a17eee21f69d29752bfa32e823e1,taker,NO,3847.6377,2
0x25257a6a89dba93dd0c536b6279365632a4eb919,maker,NO,8832.459200000001,5
0x262a3567bf704af315da9193c1e0d47eedc3c25b,maker,NO,579.89844,1
0x2681519cd18ac27f318147087e805d2444164d07,taker,NO,1304.094047,2
0x26b46988d027c6c03cfa12a7c0c6d778be49b8a9,maker,YES,1754.192,1
0x26b46988d027c6c03cfa12a7c0c6d778be49b8a9,taker,NO,8212.808,1
0x26e9b971ee46632f9da9d700a048aa1941244a51,taker,NO,980.1378,1
0x2707f2e693b3d20b5a17b603c532571108140afa,maker,YES,1191.0,2
0x27716229514c757b5e8c87dc5d5d1a1cc5c7d030,maker,YES,3542.842549,3
0x27716229514c757b5e8c87dc5d5d1a1cc5c7d030,taker,NO,2110.43232,1
0x27716229514c757b5e8c87dc5d5d1a1cc5c7d030,taker,YES,1854.8107889999999,3
0x277948f6c939469a3f15501b5800e7fc8d4a4635,maker,NO,999.999999,1
0x27f3f0bc31cb7b9d19e10acd03b80619d28f2884,taker,NO,1558.3211999999999,2
0x29abf7a025ffd8f904a06b193ef963bc9788a640,maker,YES,2000.4999990000001,2
0x29abf7a025ffd8f904a06b193ef963bc9788a640,taker,YES,1889.9999990000001,2
0x29b64e4e5050c76f15d9205698218986ba2ff061,maker,NO,608.40015,1
0x2a3de264d3b8dfebc500c100691c7a41869a2068,maker,NO,6886.66568,1
0x2a3de264d3b8dfebc500c100691c7a41869a2068,taker,YES,2366.7144,3
0x2b2631f3388134832575d4f025554af0e965b3f6,maker,NO,530.299999,1
0x2b78fe66d05bd18cd3300379dd34282fe35e3771,maker,YES,1616.959998,2
0x2b78fe66d05bd18cd3300379dd34282fe35e3771,taker,NO,941.25,1
0x2b78fe66d05bd18cd3300379dd34282fe35e3771,taker,YES,621.249999,1
0x2baa8f678812de02aad60ccfaaf61f24442e647a,maker,YES,3902.553779,2
0x2baa8f678812de02aad60ccfaaf61f24442e647a,taker,NO,2502.5461,3
0x2c1967ffcb5e4ea6fd221a8a5341db3f36b1e3c6,maker,YES,1100.70599,1
0x2d1b894074fa4c26f5afc0b8b7405a35c758f055,maker,YES,790.73884,1
0x2d1b894074fa4c26f5afc0b8b7405a35c758f055,taker,NO,4549.0116,4
0x2d99e29c4f066ba32098c65e4c7454b277d94ca3,maker,NO,4752.27654,6
0x2ece9aea1e1522edf10a58af0254408a098eacf2,maker,YES,999.999999,1
0x2ece9aea1e1522edf10a58af0254408a098eacf2,taker,NO,570.0,1
0x2fabe7fa90aebdf1b94cf6bdb33fe9e43117ea04,maker,NO,1782.319994,1
0x3057de5efc5fce194b0b034f08ad0beea9e77a96,maker,NO,1488.2091599999999,2
0x30be3916c0ee0d31dd27b4bfd1fb2f3c3c4b4e33,maker,NO,3599.999999,1
0x30be3916c0ee0d31dd27b4bfd1fb2f3c3c4b4e33,taker,NO,1815.233099,1
0x31066f47066bbd30f8f79f10cb92995380cc23a8,maker,NO,573.0,1
0x310df55cec35129862d4e26caa0fa300873fad67,maker,NO,1999.999996,2
0x310df55cec35129862d4e26caa0fa300873fad67,taker,NO,1699.413658,2
0x313d9cda3c21210d9f1ee5ab824b4418909dd2cf,taker,NO,535.02672,1
0x317d7e26e1530940f3ae62d9d6bac660815b8812,maker,YES,1087.89445,1
0x3199558b7a112beb9363ba82a71d985b174cfdf3,maker,YES,600.0,1
0x31b5d60d82ee8a14dc795a41a63953f0974c6128,maker,NO,1187.356569,2
0x31c518f864d1394361fec967b3daa9093a86ede4,maker,NO,672.0,1
0x31e17712a0285b9c2bc8788879bb135091b7c852,maker,NO,10702.884369,11
0x31e17712a0285b9c2bc8788879bb135091b7c852,taker,NO,1648.9718,2
0x320111b50e1c1b1174031939bd87771fefae6634,maker,YES,3670.15746,4
0x320111b50e1c1b1174031939bd87771fefae6634,taker,YES,524.14614,1
0x3257501508b82c2f7aeb914088b6ed089f362f3b,maker,NO,4665.0,3
0x3257501508b82c2f7aeb914088b6ed089f362f3b,taker,YES,1675.0,2
0x33c2ea1151c4399309715df027688845a6a99818,maker,NO,8840.8005,1
0x33c2ea1151c4399309715df027688845a6a99818,taker,NO,4037.14344,2
0x3476e83a352209d4e557b2f7a190b52490ee1d4c,maker,YES,670.91691,1
0x34ab676b682e8132484a1c041f2c67706f063eb5,maker,NO,1379.4,1
0x35417b3d09d7a0991f75d7cc95162a6e34d7462e,maker,NO,103941.65237,20
0x35417b3d09d7a0991f75d7cc95162a6e34d7462e,maker,YES,51601.542747,26
0x35417b3d09d7a0991f75d7cc95162a6e34d7462e,taker,NO,153262.95758000002,39
0x35417b3d09d7a0991f75d7cc95162a6e34d7462e,taker,YES,25625.59846,10
0x3561eae11ed37e0995c4d9d2ac48cda9a66cd279,maker,NO,1340.0,1
0x356a4d442633db11a26df5fc01b51b7c03f117e7,maker,NO,3527.31424,1
0x356a4d442633db11a26df5fc01b51b7c03f117e7,taker,NO,970.5,1
0x356a4d442633db11a26df5fc01b51b7c03f117e7,taker,YES,975.46608,1
0x35bbbad2415fe5e39b12da9a316cdc80b022009b,maker,NO,54133.87163,16
0x35bbbad2415fe5e39b12da9a316cdc80b022009b,maker,YES,18989.05574,7
0x35bbbad2415fe5e39b12da9a316cdc80b022009b,taker,NO,10606.73244,5
0x35bbbad2415fe5e39b12da9a316cdc80b022009b,taker,YES,11694.04589,5
0x367385ab5b68d1b3edfde8783a5ced9761ff6c10,taker,NO,930.392156,1
0x38de80da57b4d02da76f237cf893eadef3ba1b9d,taker,NO,3033.162096,3
0x3968c3d8090406b6d4c6e29308331a9dc3292b0f,maker,NO,14025.684396,3
0x3968c3d8090406b6d4c6e29308331a9dc3292b0f,taker,NO,1826.93838,2
0x3968c3d8090406b6d4c6e29308331a9dc3292b0f,taker,YES,1702.855,2
0x39ef754824a7d842506757cbfe2d73152175163a,maker,NO,4293.5615,1
0x39ef754824a7d842506757cbfe2d73152175163a,maker,YES,7704.547329000001,2
0x39ef754824a7d842506757cbfe2d73152175163a,taker,NO,2893.96774,3
0x39ef754824a7d842506757cbfe2d73152175163a,taker,YES,5456.24876,5
0x3a13f96b2523501d9180ff2e55c98e82f322726c,maker,NO,6796.77448,1
0x3a13f96b2523501d9180ff2e55c98e82f322726c,taker,NO,6003.0,1
0x3af4a342b524d8cce3da2446c96ad88fcafb5c43,taker,NO,751.5989,1
0x3b04d995828c28106ddc9e7722399bde0ff39f95,maker,NO,1383.58,2
0x3c382a7dd34340c38a527e4a610bd9a643fbe626,taker,NO,595.343023,1
0x3c3c54b7ed26c639f6a96a0c668c0158706e70ca,maker,YES,702.6543,1
0x3c3c54b7ed26c639f6a96a0c668c0158706e70ca,taker,NO,1060.532237,2
0x3d1487b9a384635dcd7e438eb183e95351b5ee01,maker,NO,770.00898,1
0x3d59d8fe999ea15f8c389eb5b49474c8ec3664df,maker,YES,1029.944,1
0x3d59d8fe999ea15f8c389eb5b49474c8ec3664df,taker,NO,3830.12581,5
0x3deab84fa3c5cbfed1db0764a88810efee08e49f,maker,NO,2389.219995,2
0x3e5b23e9f71b2a2edcd5629d3f948f12f591073b,maker,NO,17947.041313,12
0x3f02a8b650d4b30449e83616f2165460209ca51c,maker,NO,1163.24612,2
0x3f216ba174ce77d2b891cf3a2c4747ca06cf3bce,taker,NO,3627.5895,2
0x3f543f5f415b1c8c25ed5d0511a5edddbbcc37e4,taker,NO,516.25,1
0x3f93f0437d4c3c2cf4b18d1922244409d3fd7a98,maker,YES,2862.37112,1
0x3f93f0437d4c3c2cf4b18d1922244409d3fd7a98,taker,NO,5751.78512,1
0x3f93f0437d4c3c2cf4b18d1922244409d3fd7a98,taker,YES,767.232,1
0x3fa1bb3299658db4906918a943afe4d1ee7bf5a1,taker,NO,1607.72528,1
0x3fd0190eb137e335db080b9855f90c86849f0022,maker,NO,5364.97792,2
0x3ffe0f919dc7bac333dd33c0d5204bf8d0b426f4,maker,NO,5672.23502,5
0x3ffe1712d9b5e0d8c176f1ede6b49b9b177ae125,maker,NO,794.0,1
0x401ee31e9ebf9ab9f6315cd95faca5f950436fc9,maker,NO,22231.955103,17
0x401ee31e9ebf9ab9f6315cd95faca5f950436fc9,maker,YES,1869.87823,3
0x401ee31e9ebf9ab9f6315cd95faca5f950436fc9,taker,NO,4682.2369,5
0x401ee31e9ebf9ab9f6315cd95faca5f950436fc9,taker,YES,528.0048,1
0x40413bb8a4ea027c54bba89c0a13b8e68533ca54,maker,NO,2151.48115,1
0x405d101990061ace64f03847378ee0e07919025e,maker,YES,999.9,1
0x405d101990061ace64f03847378ee0e07919025e,taker,NO,2322.6,2
0x40cfb29411d29f4fa0908f2a121297042cccd21d,maker,NO,2496.30179,2
0x40cfb29411d29f4fa0908f2a121297042cccd21d,taker,NO,577.38566,1
0x4120e03758ae4bcb1d50ee7fc33817c335f02319,taker,NO,675.193798,1
0x4128be7113dbca57dd75e7cd2cd508dd9feddc3c,maker,YES,11919.03597,3
0x4128be7113dbca57dd75e7cd2cd508dd9feddc3c,taker,NO,1684.0992,1
0x4128be7113dbca57dd75e7cd2cd508dd9feddc3c,taker,YES,1279.056,1
0x4133f8ff4b624c1d1b4ddfbf1da803c1e0d4ea5d,maker,NO,21396.87445,6
0x4133f8ff4b624c1d1b4ddfbf1da803c1e0d4ea5d,taker,NO,10934.484980000001,7
0x41e8266341517750bec28829015b5289fe00b994,maker,NO,999.999998,1
0x41ebcc125403accb895359c38c93417ddf66da1d,maker,NO,709.0,1
0x423a33e1e0eb6ac6fa205343e4df8b122c8d80f8,taker,NO,538.7215,1
0x42952215f4ed177bb1b6203e0dfb78dcfffec4c9,maker,YES,1111.41464,1
0x42952215f4ed177bb1b6203e0dfb78dcfffec4c9,taker,NO,3314.37656,1
0x42f96ef84df7465345a0318a1da40116236738d5,maker,NO,1995.989998,1
0x42f96ef84df7465345a0318a1da40116236738d5,taker,YES,1005.498721,1
0x436f969d99c90191fbc2c629e6b7a1b754402c7f,maker,NO,19055.194377,6
0x436f969d99c90191fbc2c629e6b7a1b754402c7f,taker,NO,9328.885817,4
0x4386ce4724b9d1bcba35928ecff1bce81bb6e629,maker,YES,682.2721,1
0x4386ce4724b9d1bcba35928ecff1bce81bb6e629,taker,NO,3709.293532,4
0x44c1dfe43260c94ed4f1d00de2e1f80fb113ebc1,maker,NO,22796.67829,3
0x44c1dfe43260c94ed4f1d00de2e1f80fb113ebc1,taker,NO,2700.41592,1
0x452c4c45925678f567211490f9bf0aad18e5340f,maker,NO,622.26496,1
0x45e856f0023259664606b6c370e82d072b24cc6c,maker,NO,1112.391,2
0x46adc75e0bad99afcb046d4cb7840b9d28a68e53,taker,NO,597.70525,1
0x473db4d165557e06fc9074c9d884a44efdabcaab,maker,NO,999.999997,1
0x477f156a229f1a174fdf945c778b7362dd2b19aa,maker,NO,1918.1445800000001,2
0x477f156a229f1a174fdf945c778b7362dd2b19aa,taker,YES,670.0,1
0x47a51f21d7424d62259479f4abe98f4443946834,maker,NO,929.6,1
0x47a51f21d7424d62259479f4abe98f4443946834,taker,NO,929.6,1
0x47ab026767cc320ac6e62f6ec747d59cf4d795df,maker,NO,6997.16472,6
0x47ab026767cc320ac6e62f6ec747d59cf4d795df,taker,NO,1407.0,1
0x48283c3b82a5ae4eac42550b312fd8e89abbddd9,taker,NO,653.718,1
0x4849f592071d96b213009263bc09f0fd393b74c2,maker,NO,1014.049999,1
0x491d9291d49322840b1117fd02902326963af42b,maker,NO,4245.72227,3
0x491d9291d49322840b1117fd02902326963af42b,taker,NO,839.072,1
0x4a2be7a7e6e3b41dc2de00706b4c09660ca9af20,maker,NO,11521.58968,7
0x4a2be7a7e6e3b41dc2de00706b4c09660ca9af20,maker,YES,4990.191479,7
0x4a2be7a7e6e3b41dc2de00706b4c09660ca9af20,taker,NO,3776.0,1
0x4a98b71878d80069b0b56574e73c2170d6423113,maker,NO,897.0,1
0x4aa2661df2285ad3e17f4267c3469785d7ef3170,maker,NO,28008.31725,3
0x4aa2661df2285ad3e17f4267c3469785d7ef3170,taker,NO,3818.217,2
0x4aa2661df2285ad3e17f4267c3469785d7ef3170,taker,YES,7115.23911,4
0x4b0faae6ca319b6f45644d2454b838edd57c38e7,taker,NO,665.0875,1
0x4b7410aefbf0f38012b0dfb1131a4de147a9e8d7,maker,NO,2532.54648,2
0x4b7410aefbf0f38012b0dfb1131a4de147a9e8d7,taker,NO,528.0,1
0x4b8c8f25a0ab91aa2bffe45de975f16fde2f9e5d,taker,NO,754.55808,1
0x4bfb41d5b3570defd03c39a9a4d8de6bd8b8982e,taker,NO,1471161.623644,578
0x4bfb41d5b3570defd03c39a9a4d8de6bd8b8982e,taker,YES,659003.043668,327
0x4c2da46b289847e3e8377c6f4ca3d520c620f8ae,maker,NO,9823.82987,10
0x4c2da46b289847e3e8377c6f4ca3d520c620f8ae,maker,YES,1344.40053,2
0x4c2da46b289847e3e8377c6f4ca3d520c620f8ae,taker,YES,1095.99648,2
0x4c380b97e5bedbb717a47781b5283d40ac6e91b7,maker,NO,3606.5170900000003,4
0x4c3e6e95c99a866a9c9c4c2417aeadb43be88af2,maker,NO,5404.586179,4
0x4c418ee504704cab2fac611ec1fde1041b90d286,maker,NO,6978.449998,1
0x4c418ee504704cab2fac611ec1fde1041b90d286,taker,YES,1284.41453,1
0x4cc25002e1b5d09c1dab0d26dbe2333648829271,maker,YES,10192.489678999998,2
0x4cc25002e1b5d09c1dab0d26dbe2333648829271,taker,NO,3964.7765,2
0x4cc25002e1b5d09c1dab0d26dbe2333648829271,taker,YES,6059.807580000001,3
0x4de48d7a764d686e60fc06a38fab600efa2c9d4d,maker,NO,895.13,1
0x4de48d7a764d686e60fc06a38fab600efa2c9d4d,taker,NO,775.13,1
0x4e25605fd905e9972efc0f4d8814530c655cd7a7,maker,NO,17399.52,10
0x4e450c1e2a208e366097cbb0d7c70f0094006f64,maker,NO,3952.87568,3
0x4e450c1e2a208e366097cbb0d7c70f0094006f64,taker,NO,828.39606,1
0x4e450c1e2a208e366097cbb0d7c70f0094006f64,taker,YES,567.6896,1
0x4e4a7bc21408c206239905923b1714c374b78189,taker,NO,3047.656977,3
0x4ea67bdde5af4942a2c8f117730064cbe04ab249,maker,YES,2653.140669,2
0x4ea67bdde5af4942a2c8f117730064cbe04ab249,taker,NO,3345.2231730000003,2
0x4ef6c4b7a0ec0c71ae0a72a2e1d80754cec320dc,maker,YES,1099.999999,1
0x4f30ce317ec89c090dceb6987235ad7bfabe12c3,maker,YES,666.0,1
0x5188fa0e8a77e87bc6a58e6781fdfc4e165cc804,maker,NO,29043.185,3
0x53e55bc7cb3d67ad177c023ce891ad076a9d6177,maker,YES,9784.763394000001,3
0x53e55bc7cb3d67ad177c023ce891ad076a9d6177,taker,YES,4070.88984,1
0x54a78f8c6e64572111c5683a9efeed25a04c881b,maker,NO,1592.3833599999998,2
0x54b56146656e7eef9da02b3a030c18e06e924b31,maker,NO,7940.578557,10
0x54b56146656e7eef9da02b3a030c18e06e924b31,maker,YES,8713.58779,9
0x54b56146656e7eef9da02b3a030c18e06e924b31,taker,NO,5629.79851,5
0x54b56146656e7eef9da02b3a030c18e06e924b31,taker,YES,2264.71141,1
0x54c0fc9027cf8ceb6c90880e8182560bb58feafc,taker,NO,634.76352,1
0x560259988aa71630f4f7cc702008602391e41480,maker,NO,22473.068777,15
0x560259988aa71630f4f7cc702008602391e41480,taker,NO,10601.78367,4
0x57cc0ba8ed5ffc0a42cfeddb8cd4ddc528c39f51,maker,NO,730.789,1
0x57cc0ba8ed5ffc0a42cfeddb8cd4ddc528c39f51,taker,NO,706.914,1
0x5823a87faccc566579cf88cc89ffe50eb54d673f,maker,NO,42224.863620000004,2
0x5823a87faccc566579cf88cc89ffe50eb54d673f,taker,NO,21652.0,8
0x5823a87faccc566579cf88cc89ffe50eb54d673f,taker,YES,2709.29867,3
0x588dee49e611cdb2617fb9211945d4f7f7160698,maker,YES,1483.955,1
0x588dee49e611cdb2617fb9211945d4f7f7160698,taker,NO,1103.41764,1
0x58aa47a2e3e0396f8c09259d87990db12e56a481,maker,NO,2954.37933,1
0x58df4f5d434f7390349e6272a1eecf761992b4ad,maker,YES,10692.0949,1
0x58df4f5d434f7390349e6272a1eecf761992b4ad,taker,NO,4445.19445,3
0x58df4f5d434f7390349e6272a1eecf761992b4ad,taker,YES,7402.93863,3
0x59432fa8141b0ddf25f64c9fc90cdb5672402ef2,maker,NO,627.97,1
0x594cdd536462c270bb368300945ac7077978efd6,taker,NO,566.37909,1
0x5a353f5dfbcf9351355854344a2c975ce2245732,maker,NO,1905.34655,1
0x5a353f5dfbcf9351355854344a2c975ce2245732,taker,YES,701.4196,1
0x5a4074a7e688892779cb0ca392f3508ac0764093,maker,YES,1777.6641,2
0x5a4074a7e688892779cb0ca392f3508ac0764093,taker,NO,2222.027052,3
0x5aca169bd3e56fa1d0a48d27ffefc7f8e95194d0,maker,YES,2370.5774,1
0x5aca169bd3e56fa1d0a48d27ffefc7f8e95194d0,taker,NO,654.70405,1
0x5aca169bd3e56fa1d0a48d27ffefc7f8e95194d0,taker,YES,1383.89547,1
0x5b1dffd5d3eaeab3544c0fe3aa5ccf55f287b3b0,maker,NO,7125.14138,3
0x5b1dffd5d3eaeab3544c0fe3aa5ccf55f287b3b0,taker,NO,718.30178,1
0x5b5de2c149602ec0b1cb9e8fe20e6168d9ddadc4,taker,NO,721.647,1
0x5b6331e7ff0831a3fe2ed12004747db1a9c911a4,maker,YES,671.409999,1
0x5b6331e7ff0831a3fe2ed12004747db1a9c911a4,taker,NO,810.0,1
0x5be7f473b425c636f3cc716bbafc1b5a09b01b1d,maker,NO,5041.24712,1
0x5be7f473b425c636f3cc716bbafc1b5a09b01b1d,taker,NO,1431.24224,2
0x5c39b2a8c193c3bd1d7937c17519964f5b7aaaab,maker,YES,1581.0887189999999,2
0x5c39b2a8c193c3bd1d7937c17519964f5b7aaaab,taker,NO,1054.563,1
0x5c4ce2053442cc7b19d300ffd39b7f38cd138131,maker,NO,10838.14724,3
0x5c63bae91d6aced35f08ee653d4567e65f5196e9,maker,YES,799.999999,1
0x5c63bae91d6aced35f08ee653d4567e65f5196e9,taker,YES,788.389999,1
0x5ca7a775f10a9f5cc4218feebd1398a6c3196149,maker,NO,1623.93859,2
0x5ca7a775f10a9f5cc4218feebd1398a6c3196149,taker,NO,1413.98955,2
0x5cae67eb34829a2deb600b85a2fb480303d17940,maker,NO,1803.469128,2
0x5cae67eb34829a2deb600b85a2fb480303d17940,taker,NO,598.4052,1
0x5ccf62ac8155e49bc7d021a1a66e9ef18f5579d7,maker,YES,1091.08364,2
0x5ccf62ac8155e49bc7d021a1a66e9ef18f5579d7,taker,NO,664.0,1
0x5cd5c8d7a17c78d7389d8b87b611aed83322ac33,maker,NO,10871.21905,11
0x5cd5c8d7a17c78d7389d8b87b611aed83322ac33,taker,NO,1123.52252,2
0x5cd938d3b1bf3009173ae7e36c5d83a2354efeb7,maker,NO,3079.101674,3
0x5cd938d3b1bf3009173ae7e36c5d83a2354efeb7,taker,YES,724.0,1
0x5d05b1f588780423488a09d9aefeb64df54d6320,maker,NO,4234.72821,4
0x5d05b1f588780423488a09d9aefeb64df54d6320,taker,NO,1356.9569999999999,2
0x5d31798faea55cfa23c9876d7fb6c79ff1e2f883,taker,NO,574.121351,1
0x5e5bc12f7a91cfe806caf4c858dcd5fde8edfccd,taker,NO,5410.555136,2
0x5e627f86e1bff9e3742c89f5401e3752355dc577,maker,YES,3077.1779340000003,3
0x5e627f86e1bff9e3742c89f5401e3752355dc577,taker,NO,3836.4401500000004,3
0x5ecde7348ea5100af4360dd7a6e0a3fb1d420787,maker,NO,19875.992662,5
0x5f45b60c29d6e4d55c0bfd8ddd39ad45c5e0a77a,maker,YES,676.8774,1
0x5f45b60c29d6e4d55c0bfd8ddd39ad45c5e0a77a,taker,NO,655.79582,1
0x60242020092ddd8bff5461731868341898d0dec6,taker,NO,1692.073712,2
0x60a24cb0fb0185f5e60ce15f51436f0e72897e07,maker,YES,1474.1312,1
0x60a24cb0fb0185f5e60ce15f51436f0e72897e07,taker,YES,1443.5711999999999,2
0x60a92c8620846d81f5ea17b0564e0d4b7c545a71,maker,NO,3230.36374,2
0x60a92c8620846d81f5ea17b0564e0d4b7c545a71,maker,YES,1196.99601,1
0x6103cbf5b98956b1c6c667a6557863b625edf2d9,maker,YES,6474.84613,5
0x6103cbf5b98956b1c6c667a6557863b625edf2d9,taker,NO,7498.38364,7
0x6103cbf5b98956b1c6c667a6557863b625edf2d9,taker,YES,1922.31,2
0x6139c42e48cf190e67a0a85d492413b499336b7a,maker,NO,3521.7707,3
0x6139c42e48cf190e67a0a85d492413b499336b7a,maker,YES,885.01543,1
0x6139c42e48cf190e67a0a85d492413b499336b7a,taker,NO,620.0,1
0x6139c42e48cf190e67a0a85d492413b499336b7a,taker,YES,879.53778,1
0x614dc8d3542c12103d2c6a3553fd761e391d1546,maker,YES,11636.84818,8
0x614dc8d3542c12103d2c6a3553fd761e391d1546,taker,NO,5564.459,7
0x614dc8d3542c12103d2c6a3553fd761e391d1546,taker,YES,5919.14949,5
0x61a808365ad93d79857eb626e140521bbf1cc588,maker,YES,999.999999,1
0x61a808365ad93d79857eb626e140521bbf1cc588,taker,NO,1101.303476,1
0x621eb2724531f438d2c0f57d8f20ad9ba0886510,maker,YES,963.759999,1
0x621eb2724531f438d2c0f57d8f20ad9ba0886510,taker,NO,10451.273310999999,7
0x629c2844d5c0e36774a67fe10dcd43ca31a76c01,maker,NO,1346.617,1
0x63d3fd1fb8f97d01596969e0316022a6126c752f,maker,NO,676.13003,1
0x63d3fd1fb8f97d01596969e0316022a6126c752f,taker,NO,609.89972,1
0x64655529ce2a0a6d240c736c3f4435235794b886,maker,NO,1437.809,1
0x6640bd87f6e4b6e8d62457448bd1b3a4711a2202,maker,YES,519.29301,1
0x6640bd87f6e4b6e8d62457448bd1b3a4711a2202,taker,NO,1427.8493,2
0x6725b3b76e0c212be72b1479ad97fe534b667160,maker,NO,12757.119998,1
0x6725b3b76e0c212be72b1479ad97fe534b667160,taker,NO,11493.835997999999,3
0x67d96c2161e28ccc6fd35fef00d2f9812837d57b,maker,YES,999.999999,1
0x67d96c2161e28ccc6fd35fef00d2f9812837d57b,taker,NO,10774.73856,4
0x682e388668c2da2c40631665dea992b8a72b70bd,maker,YES,7114.256600000001,4
0x68558d37cafd9e6612ab32863f55ccdd798f655a,maker,YES,45833.348318,14
0x68688ec522468e7f8c4ce4c286017c8c3820a90a,maker,YES,8333.389999,1
0x68688ec522468e7f8c4ce4c286017c8c3820a90a,taker,NO,1308.0,2
0x68688ec522468e7f8c4ce4c286017c8c3820a90a,taker,YES,4784.281660000001,5
0x6868e8e1e7b0eda866cef5e02140cbd5e866e457,maker,YES,777.172,1
0x696a0f103aab2daa93f0c7124bdfbbf19851e23a,maker,NO,4280.807298,1
0x696a0f103aab2daa93f0c7124bdfbbf19851e23a,taker,NO,612.0,1
0x69e7ad68b5f11e97927e4bd938baf7dfb60bd3b0,maker,NO,936.0,1
0x6a8328b1ae11569f7b27600073558879885e4c59,maker,YES,2989.78843,3
0x6a8328b1ae11569f7b27600073558879885e4c59,taker,NO,873.69396,1
0x6a8328b1ae11569f7b27600073558879885e4c59,taker,YES,1534.0971,1
0x6abe7704bd2c9812e1f74a6b01a61ac7368ed6a5,maker,NO,1112.79128,2
0x6abe7704bd2c9812e1f74a6b01a61ac7368ed6a5,taker,NO,527.93496,1
0x6ae0a24ae0797e62332852a52ae321e330177483,maker,NO,41355.77951,2
0x6ae0a24ae0797e62332852a52ae321e330177483,taker,YES,16521.06813,1
0x6bab41a0dc40d6dd4c1a915b8c01969479fd1292,maker,NO,33035.686069999996,6
0x6bab41a0dc40d6dd4c1a915b8c01969479fd1292,maker,YES,16117.05311,9
0x6bab41a0dc40d6dd4c1a915b8c01969479fd1292,taker,NO,18523.16966,10
0x6bab41a0dc40d6dd4c1a915b8c01969479fd1292,taker,YES,4951.42325,3
0x6c0b328d74f089f7c2479f3bc5d97a1b1ee3c359,maker,NO,1498.999998,1
0x6c9264336622411ea73283e7624bb2a6e00b1322,maker,NO,735.25,1
0x6ca0cfe4ed627cb4ebe0193e69de9823a007e59d,maker,NO,729.27,1
0x6cb849174b38800ed9d7c501a6fb5e7cfa98f154,maker,NO,1559.789999,1
0x6cd517eaa88ba717fa3aa3d5047feb0ce387f2cf,maker,NO,925.0,1
0x6d9fc316c3b8377060a44b852ba664adbfd59790,maker,YES,1157.7906,2
0x6dd9d5a1fe8021317c477104a0131205ecda8cc1,maker,NO,5912.09386,2
0x6dd9d5a1fe8021317c477104a0131205ecda8cc1,taker,NO,5266.014,1
0x6edfbe1379ac9e745824a70b37c31e20a0c11011,maker,NO,8789.99669,3
0x6f1dcfc81f935a1c1d51ec626a34016d70bfd2fe,maker,NO,505.2,1
0x6ffb4354cbe6e0f9989e3b55564ec5fb8646a834,maker,NO,4546.23897,3
0x7018d36359aa3bfb96be56beedeeaa7cda4e6057,taker,NO,879.272199,1
0x702817724413a316e67b25aa13200444937fe0e9,maker,NO,742.4487,1
0x70793cdca65620cd7dc398cd40ac4bd6489fda28,maker,YES,1608.569998,2
0x70793cdca65620cd7dc398cd40ac4bd6489fda28,taker,NO,2225.0034,3
0x70793cdca65620cd7dc398cd40ac4bd6489fda28,taker,YES,794.99553,1
0x71eccc269fe6d2969b404e862f9e4a119f2ce48c,maker,NO,5931.172504,2
0x71eccc269fe6d2969b404e862f9e4a119f2ce48c,taker,NO,1231.632,2
0x71edffd0d70a1da823ff07a3c6fc81457294d338,maker,NO,33026.729993,4
0x71edffd0d70a1da823ff07a3c6fc81457294d338,taker,NO,14641.118919999999,6
0x71edffd0d70a1da823ff07a3c6fc81457294d338,taker,YES,1318.7180210000001,2
0x724c7f277889814c98afcd38555e25c6e68f1521,maker,NO,1996.857046,2
0x724c7f277889814c98afcd38555e25c6e68f1521,taker,NO,729.94082,1
0x725b224fcb2fe4a3cd9aa522ed128708c22f8016,maker,NO,638.68777,1
0x72a22d4d155079da8f50c89d4c6c03b6428e7b65,maker,NO,1242.69375,1
0x72e4daa9b93fd3786f231c3b73c1bdbc4c48740a,maker,YES,80803.187429,42
0x72e4daa9b93fd3786f231c3b73c1bdbc4c48740a,taker,NO,623.0,1
0x72f59598b7ae5434b771ad8c871b82ae95f14b0d,taker,NO,521.2641,1
0x73192b9597c4496f8c338b36239bdf4218ac0299,maker,NO,3961.169669,5
0x736539924a5602b37a03a54fc12c1cc8f98964da,maker,NO,1996.43105,3
0x74188d571a86382ba69f335e9d6350105c5cab9f,maker,YES,1278.630919,2
0x74188d571a86382ba69f335e9d6350105c5cab9f,taker,NO,1858.1895,3
0x74471a007ddcc488f6d57b5e86dfb35a8d48a16d,maker,YES,4648.71926,3
0x74471a007ddcc488f6d57b5e86dfb35a8d48a16d,taker,NO,5456.19779,5
0x74471a007ddcc488f6d57b5e86dfb35a8d48a16d,taker,YES,1991.9367000000002,3
0x744a283ddda3533d6abf89240bfe2f43201a923b,taker,NO,2906.8776470000003,3
0x744c072005bde6ddab8764a7477f61d3d22ae37f,maker,NO,18338.032433,6
0x744c072005bde6ddab8764a7477f61d3d22ae37f,taker,NO,6730.530428,6
0x7453a255cc3c1786a1cf51b0bf552d07ea4eaee6,taker,NO,519.465517,1
0x749f77652c91b8f5e068bae22fd196f18cb69501,maker,NO,695.75031,1
0x750ca59fafbf837d939eca4cd241601a489c2fe3,maker,NO,781.17115,1
0x75110b2afa07a881292528a355715a0febe1582e,taker,NO,2486.325714,2
0x755519c3a4a69469f488197fbd39b12f70b3ecc5,maker,YES,3894.5305,2
0x76d48e8fb2b2982478605a5ee80f037ac1463ad4,maker,NO,649.15574,1
0x77674a0606d9a989e77886750cf612d2d2b62096,taker,NO,1512.32476,1
0x77b0b896910b3388e01708521d1f92d1f5c2ba0b,maker,YES,1499.999999,1
0x77b0b896910b3388e01708521d1f92d1f5c2ba0b,taker,NO,2134.0,2
0x7814fea2092726c2d892a65e4fda3bf502ff8d4e,maker,NO,11272.78857,3
0x7814fea2092726c2d892a65e4fda3bf502ff8d4e,taker,YES,1178.7645499999999,2
0x78ca021aabab0cf8b334001afeafb31ab193d326,maker,NO,6021.5817,1
0x78ca021aabab0cf8b334001afeafb31ab193d326,taker,NO,1422.4,1
0x78ca021aabab0cf8b334001afeafb31ab193d326,taker,YES,535.95276,1
0x799eb345624bba150e08db6577756470c5d27bdf,maker,NO,887.77,1
0x79bf43cbd005a51e25bafa4abe3f51a3c8ba96a8,maker,YES,2864.3845300000003,2
0x79bf43cbd005a51e25bafa4abe3f51a3c8ba96a8,taker,NO,842.0,1
0x79bf43cbd005a51e25bafa4abe3f51a3c8ba96a8,taker,YES,1264.0,1
0x7a6192ea6815d3177e978dd3f8c38be5f575af24,maker,NO,3256.5,1
0x7b0b3850eb4a00289a6e00097bc4daeec39cc3df,maker,YES,2865.2124089999998,4
0x7b0b3850eb4a00289a6e00097bc4daeec39cc3df,taker,NO,2892.060507,4
0x7b0b3850eb4a00289a6e00097bc4daeec39cc3df,taker,YES,728.77,1
0x7b221ded4c376d3c0d0fb283447c95474ac7a918,maker,YES,997.0,1
0x7b221ded4c376d3c0d0fb283447c95474ac7a918,taker,YES,785.87445,1
0x7b4550716f8416e4c632a50352d80d7647a9e56a,maker,NO,2146.22095,1
0x7b4550716f8416e4c632a50352d80d7647a9e56a,taker,YES,1074.48905,1
0x7b4f624f794365240a30d74276077b88e8201bae,maker,NO,6263.166,4
0x7b640a085ca4ce2d10f94cf46ce6cf768643ebde,maker,NO,860.62809,1
0x7b640a085ca4ce2d10f94cf46ce6cf768643ebde,taker,NO,808.8533,1
0x7b687c523ca8f72c823fcef6846b731203a97605,maker,NO,919.05825,1
0x7b9d3ea69fc18f356a33ec45585c7c7053dbfbfc,maker,NO,663.779998,1
0x7bbd1b55b553317e25968ad3309ebb7a1aa37dc6,maker,NO,866.00835,1
0x7bbd1b55b553317e25968ad3309ebb7a1aa37dc6,taker,NO,851.26068,1
0x7c3db723f1d4d8cb9c550095203b686cb11e5c6b,maker,NO,10403.30047,10
0x7c3db723f1d4d8cb9c550095203b686cb11e5c6b,maker,YES,1126.98853,2
0x7c3db723f1d4d8cb9c550095203b686cb11e5c6b,taker,NO,4932.86488,5
0x7cf34a7b1eb9ea5fa6597896f6baebff2070b1ba,maker,YES,687.82104,1
0x7cf34a7b1eb9ea5fa6597896f6baebff2070b1ba,taker,NO,5468.57442,4
0x7db2ee2b58c0eb9dc908d0b261852a37002c3ce5,maker,NO,3032.24382,2
0x7db2ee2b58c0eb9dc908d0b261852a37002c3ce5,taker,NO,768.0,1
0x7e8021a1a5ccf5ba9a65503aff69c6448b5cc229,taker,NO,1839.467586,2
0x7ee93cdb9cc79656fad3eb2de2a27a1139950b13,maker,NO,1919.6599959999999,2
0x7f0d7e33cc8edc2ac94b5af5a7f21f47459c0018,maker,NO,5662.1911199999995,3
0x8039ad26298d7847799899808554474b7fa57421,maker,YES,20619.551199,2
0x8039ad26298d7847799899808554474b7fa57421,taker,NO,7281.785224,6
0x8039ad26298d7847799899808554474b7fa57421,taker,YES,12636.31454,4
0x80802378f0715997f63e403a1bf44c356d0ff527,maker,NO,21051.439342,7
0x80802378f0715997f63e403a1bf44c356d0ff527,maker,YES,4953.044329,3
0x80802378f0715997f63e403a1bf44c356d0ff527,taker,NO,4546.868069,6
0x80802378f0715997f63e403a1bf44c356d0ff527,taker,YES,9211.602318000001,7
0x80a0da00fbdc8440b0ef601341f14c3e24795708,maker,NO,21670.311241,8
0x817997d188ab6a5bc85180d561b727401b044403,taker,NO,2429.852891,4
0x8189f0d9a204c49d139aeafb48cdfe37b07fa4c3,maker,YES,519.999999,1
0x8189f0d9a204c49d139aeafb48cdfe37b07fa4c3,taker,NO,591.5966,1
0x82147e52ff6f18d3d55d98f59f260ee5be5aef72,maker,NO,1462.0680200000002,2
0x84047c4fce44c222e9e41886995fd2e414dbb69f,taker,NO,1489.45,2
0x840ef203481d3096acd2cc6fbaea45fff618e2b8,maker,NO,667.55523,1
0x8454f39e7fa6957dfbf1ecc574820ada1c92331a,maker,NO,18123.999164,7
0x8454f39e7fa6957dfbf1ecc574820ada1c92331a,taker,NO,5179.68382,2
0x84c322daf117acb36c5483c25707153253286efe,maker,YES,9881.947948,7
0x84c322daf117acb36c5483c25707153253286efe,taker,NO,13918.462843,13
0x84c322daf117acb36c5483c25707153253286efe,taker,YES,4269.29665,5
0x84e2018bd159ad7f0200a2b5ee63fb3ea2abcb54,maker,NO,1436.35892,1
0x850b51946be4d0f33c09ca1cad0e700b14cf3bb8,maker,YES,685.66601,1
0x8517504a1cd364ed5350ca4d5d3c480a03ace731,maker,NO,6724.2478200000005,4
0x8517504a1cd364ed5350ca4d5d3c480a03ace731,taker,YES,1890.0,1
0x853c37a959a5791b849e3f3225c7f5963746bd03,maker,YES,22510.283988,7
0x853c37a959a5791b849e3f3225c7f5963746bd03,taker,NO,25359.01944,11
0x853c37a959a5791b849e3f3225c7f5963746bd03,taker,YES,6360.7864,3
0x858b9392b7c1d0c74696667124392e780846821d,maker,NO,5182.6962,3
0x85f1fd1aa643b64f801989dcdfe32220548334ec,maker,YES,640.0,1
0x86b6f67637d944d9205cb11477bf4508c8a334ed,maker,YES,849.77938,1
0x86b6f67637d944d9205cb11477bf4508c8a334ed,taker,NO,1349.3599,1
0x871ca3cbaa498578a429250d6a5622d08d7da84f,maker,NO,4969.152,1
0x8753deab65b2dfad6e2a1d0c983fb8d5cb72f2c4,taker,NO,532.8242,1
0x87852665e53317a02163d4f5970413ac20fadf3f,taker,NO,677.088,1
0x8790b88055f5b20a645d9f50a78ad084820d60c2,taker,NO,1279.24054,2
0x881be7d2c8af74a7e447f366cfaf681122909893,maker,YES,4087.831338,3
0x881be7d2c8af74a7e447f366cfaf681122909893,taker,NO,1268.91988,2
0x881be7d2c8af74a7e447f366cfaf681122909893,taker,YES,3138.727659,3
0x88b298bba500c29627291ba78f1fcdba110bf7a2,maker,YES,1332.92506,2
0x88b298bba500c29627291ba78f1fcdba110bf7a2,taker,NO,1703.2816,1
0x88b298bba500c29627291ba78f1fcdba110bf7a2,taker,YES,769.79808,1
0x88d693005386a305ada6d7996f3319b587a4de00,maker,NO,50919.327798,20
0x88d693005386a305ada6d7996f3319b587a4de00,taker,NO,8586.81459,7
0x88d693005386a305ada6d7996f3319b587a4de00,taker,YES,7095.35217,5
0x88e2b1b6c7847828fc91af43aba2fee07fb07489,maker,YES,3634.258098,4
0x88e2b1b6c7847828fc91af43aba2fee07fb07489,taker,NO,9126.699077000001,2
0x8966a1e0996a5fe20c64ce976e71d63204465d80,maker,NO,2290.26,1
0x89b811b2ef2154d807d23d6671dab9b82de882b2,maker,NO,874.93024,1
0x8a75cae3bcb2842e1a79081b41f9a1c6b506ff13,taker,NO,798.454629,1
0x8a9fe2657238cfce2e3a078bc01ca49bd093e03b,maker,YES,4098.32713,2
0x8a9fe2657238cfce2e3a078bc01ca49bd093e03b,taker,NO,10612.84534,6
0x8b050b849331be27a4713fa829517b158cfa310f,maker,NO,699.989999,1
0x8b050b849331be27a4713fa829517b158cfa310f,taker,NO,674.803499,1
0x8b5e514f675ce5758e2a76ca6a1dd00a140e3a87,maker,YES,782.0693,1
0x8b94e5993e5140d02a9a6098c0bafec9f6e75e1d,taker,NO,1413.101123,1
0x8bd3a659144673c9c1955b76ac3803a67e8b5cf0,maker,NO,567.0,1
0x8bdbcbbd479206ee1a7bcc90f6febbe10b95b627,maker,NO,3370.3974,2
0x8bf264ed6ab1de6f74046bfb7b9e5d799445c41b,maker,YES,1511.5831990000001,2
0x8bf264ed6ab1de6f74046bfb7b9e5d799445c41b,taker,YES,916.2432,1
0x8c76c4787bf236398d2d1a42dd3e8af1393206ac,maker,NO,3592.17477,5
0x8d810bc07d568ab3783a4652e6eb916e711b06ed,maker,YES,2894.689999,1
0x8d810bc07d568ab3783a4652e6eb916e711b06ed,taker,NO,7547.036103,7
0x8d810bc07d568ab3783a4652e6eb916e711b06ed,taker,YES,2658.484999,1
0x8daf975242f18c1142dcf206112089640f8c8c4a,taker,NO,958.6764,1
0x8de0ee3ce923e4ae28b9745a652797eaea8887a0,maker,NO,38860.594170000004,2
0x8de0ee3ce923e4ae28b9745a652797eaea8887a0,taker,NO,7447.92399,3
0x8de0ee3ce923e4ae28b9745a652797eaea8887a0,taker,YES,4992.0,1
0x8df73e2962d0184ea1f71621784d46ca6b5936c4,maker,NO,2030.83622,1
0x8e5210487b80258bb719aa7875dff1c7d0050e3c,maker,NO,744.099998,1
0x8f2f04f6a10a8ffadb8b39999b5b3ef40adeb226,maker,NO,4667.29687,4
0x8f42ae0a01c0383c7ca8bd060b86a645ee74b88f,maker,YES,2133.4467,1
0x8f69269039b9a401de28a38c2f1c3001364b7df1,maker,NO,2196.03071,2
0x8f69269039b9a401de28a38c2f1c3001364b7df1,taker,NO,950.0,1
0x8f7a4b414417911e7e9bd738399874792cdbdb40,maker,YES,27353.426638,32
0x8f7a4b414417911e7e9bd738399874792cdbdb40,taker,NO,4547.05742,3
0x8f7a4b414417911e7e9bd738399874792cdbdb40,taker,YES,5626.42587,7
0x900982a9347e2c3103abfe10bf50b92ee35959e0,maker,NO,1672.25,1
0x9055a9e36aa73274e3a92dc2dbb081bb4d9e756a,maker,NO,13325.58143,10
0x9055a9e36aa73274e3a92dc2dbb081bb4d9e756a,taker,NO,1810.0,2
0x90bfc858ddb497e6208a92dce15cfe9a480d3348,maker,YES,999.999999,1
0x90bfc858ddb497e6208a92dce15cfe9a480d3348,taker,NO,700.0,1
0x90f7180856b033ea45200d892a7bc49fd1662501,maker,NO,852.6,1
0x91784d82fbe4543459ee85fc9809be185d70a2b2,maker,YES,6141.48679,5
0x91784d82fbe4543459ee85fc9809be185d70a2b2,taker,NO,12141.13284,12
0x91b13b0a8598d55b43e83cadd0e3cd5d66e6cee1,maker,YES,999.999999,1
0x91b13b0a8598d55b43e83cadd0e3cd5d66e6cee1,taker,NO,2209.5495410000003,2
0x9236351425fbe7741b927fd6c5d035d136fd8e31,maker,NO,747.759999,1
0x9269d5cbf2bd50c48c56b79312d6f7f12c0d53fd,maker,YES,1051.26224,1
0x92e2b9bc8d4837be0edc247490cbacb0fbdc1a7c,maker,NO,583.52107,1
0x92e53057ef2872722a53fe807245bd387e1defee,maker,NO,1046.125,1
0x93b77008dea1a1a0b3e1768a990a8bb835657d51,maker,NO,8650.04096,12
0x93b77008dea1a1a0b3e1768a990a8bb835657d51,taker,NO,506.61625,1
0x94cf12f33cc258208d641836c5d4741c0ac7d339,maker,NO,2113.3122,1
0x94cf12f33cc258208d641836c5d4741c0ac7d339,maker,YES,1239.68465,1
0x94cf12f33cc258208d641836c5d4741c0ac7d339,taker,NO,3630.72463,4
0x94eb0ee9ff35f5b14f8d3c3be3967e9deba837e6,maker,YES,4534.89247,3
0x9592adb70397e9de67ba9abe6971e3f50fb7a7b8,maker,NO,643.0,1
0x962e94cdcb1f33bc588482161fe3d22abb0ad1c1,taker,NO,1287.5232999999998,2
0x96489abcb9f583d6835c8ef95ffc923d05a86825,maker,NO,27481.337,4
0x96861c0b4386319173b86217f6675d00bc261701,taker,NO,840.0,1
0x9690d9f51b618222c29567c3b39aac2935a5f2d5,maker,NO,5592.53875,6
0x9690d9f51b618222c29567c3b39aac2935a5f2d5,maker,YES,1526.62905,2
0x9690d9f51b618222c29567c3b39aac2935a5f2d5,taker,NO,1481.4984,1
0x9690d9f51b618222c29567c3b39aac2935a5f2d5,taker,YES,668.8122,1
0x9733d16542233b38fa2a3432b6106cbc991bf034,maker,NO,1630.2664,2
0x9733d16542233b38fa2a3432b6106cbc991bf034,maker,YES,809.9946,1
0x9846dcc7593c39db00ee91232ecb5aef455bca9e,maker,NO,1570.975,1
0x987645e78d6b3ed01d69289a5fd4b140bea71e66,maker,NO,3381.45584,2
0x98fbafc00de1b8ba747047835fce1b4c0f5eb06d,maker,NO,9668.856967,2
0x98fbafc00de1b8ba747047835fce1b4c0f5eb06d,taker,NO,2089.1794,2
0x990655efc3e4ff8d488af70c268e32f5df61c0ae,maker,NO,28536.80669,15
0x991b8cdcdc18b74eef8db47a9e89ff0f17a4f19a,maker,NO,7343.714154,8
0x991b8cdcdc18b74eef8db47a9e89ff0f17a4f19a,maker,YES,770.941,1
0x991b8cdcdc18b74eef8db47a9e89ff0f17a4f19a,taker,NO,1595.28276,1
0x991b8cdcdc18b74eef8db47a9e89ff0f17a4f19a,taker,YES,684.0,1
0x993c072519306017fe9a6b3ee6fa4a02b3056787,maker,NO,5812.9030999999995,8
0x997830a202fff4c8812ef119cb41f283e8f0a49e,maker,YES,5755.106068,5
0x997830a202fff4c8812ef119cb41f283e8f0a49e,taker,NO,2109.22112,3
0x997830a202fff4c8812ef119cb41f283e8f0a49e,taker,YES,2611.345539,1
0x99d1a7ae06ffd8a4ccd50f1cd26dd464b289f1f0,maker,YES,669.569999,1
0x99d1a7ae06ffd8a4ccd50f1cd26dd464b289f1f0,taker,NO,595.396905,1
0x9a3917f7ccca913e2aa52ae5839c165dfbb9b87f,maker,YES,15351.408259,4
0x9a3917f7ccca913e2aa52ae5839c165dfbb9b87f,taker,NO,39014.761623,24
0x9a3917f7ccca913e2aa52ae5839c165dfbb9b87f,taker,YES,4015.678479,3
0x9a6c22fbff8c6819ac29213cdfe934eb509340f7,taker,NO,3675.96,3
0x9aeb534c42b58b21673d5e03e9da14fbd15b2729,maker,NO,3292.9391,1
0x9aeb534c42b58b21673d5e03e9da14fbd15b2729,taker,NO,3292.9391,3
0x9af7a7a2cdaf23079ff638c7f58faf63e1749314,maker,YES,916.389999,1
0x9af7a7a2cdaf23079ff638c7f58faf63e1749314,taker,NO,787.41933,1
0x9b5a7a5d2b7050ffeb3f9157746089595822fa77,taker,NO,1701.4503,2
0x9bf6eac1ac9f2e52aa45ba666494ce9ddc19a153,maker,YES,1700.1599,1
0x9c2617462567859fcf5764e03b9a687ebca274bc,maker,NO,38952.17145,11
0x9c2617462567859fcf5764e03b9a687ebca274bc,taker,NO,2084.236,1
0x9c4abb471fa36400db43d5fa221c680bf2f24896,maker,YES,1557.10339,1
0x9c4abb471fa36400db43d5fa221c680bf2f24896,taker,NO,5330.412490000001,3
0x9c96213c44294885c6849ef0d7d0bad44c108708,maker,NO,671.61059,1
0x9cfeeb174bc4101d90a70873f40b6bc71a03294c,maker,YES,1182.0597,1
0x9d77b70cd7f7b8aa1edc140e364dc4519d67cf31,taker,NO,912.0,1
0x9d84ce0306f8551e02efef1680475fc0f1dc1344,maker,NO,10461.06484,3
0x9d84ce0306f8551e02efef1680475fc0f1dc1344,taker,NO,1049.31194,1
0x9dbc929c6188230124feeb7b8d5459270be7245d,maker,NO,3337.71127,2
0x9dbc929c6188230124feeb7b8d5459270be7245d,taker,NO,1395.0158900000001,2
0x9ddfa4d5b954379a03d19f87df36b9820b862c83,maker,NO,10790.31007,9
0x9ddfa4d5b954379a03d19f87df36b9820b862c83,taker,NO,1387.4054999999998,2
0x9de200956e24f4e0bdd1cd20715cfa63875e2f54,maker,NO,1798.53115,2
0x9dfe2f73d3c988a9d69df8fa0beb85651340b3dd,maker,NO,1380.0,2
0x9fb66c639b95e83d1690dcdf523f721080deac56,maker,NO,2847.750047,3
0x9fb66c639b95e83d1690dcdf523f721080deac56,taker,NO,593.999999,1
0xa022ba0a68e11a78348382ff168601012d4d77f8,maker,NO,16259.399279000001,4
0xa022ba0a68e11a78348382ff168601012d4d77f8,maker,YES,2531.86621,2
0xa022ba0a68e11a78348382ff168601012d4d77f8,taker,NO,4608.36042,2
0xa022ba0a68e11a78348382ff168601012d4d77f8,taker,YES,615.96082,1
0xa06c67e1c41d71d8db36d142939d13d378279d93,taker,NO,717.5745,1
0xa0b061008fec70b6f7f760ba8dac99daa72ea5fb,maker,NO,7639.016559,7
0xa0b061008fec70b6f7f760ba8dac99daa72ea5fb,taker,NO,1169.28931,1
0xa0b061008fec70b6f7f760ba8dac99daa72ea5fb,taker,YES,520.7898,1
0xa17325d33b095b6bb48d475a3578fecbdff73315,maker,NO,3760.0,3
0xa28264724eee4708bf0d9b139c01da3fa904575c,maker,YES,1005.0,1
0xa28264724eee4708bf0d9b139c01da3fa904575c,taker,YES,1005.0,1
0xa289b3324a891d5cab24c92adde4aba24989d95c,maker,NO,4028.72047,5
0xa289b3324a891d5cab24c92adde4aba24989d95c,taker,NO,1309.80872,2
0xa2a191ae1dfdf35b1867e41b0b3ad94fa4214b1d,taker,NO,507.53875,1
0xa2f1a3115377f690b85ffb1134b0c5f08e1a1c6c,maker,NO,999.999999,1
0xa2ffc55eba11c7f0406cdbb29b25372c9bcdd80d,maker,NO,19999.999998,1
0xa2ffc55eba11c7f0406cdbb29b25372c9bcdd80d,taker,NO,1407.9834,2
0xa2ffc55eba11c7f0406cdbb29b25372c9bcdd80d,taker,YES,4189.0418740000005,3
0xa3710e6336c2e95b491376703a8c106aa5fe0830,maker,NO,2903.809993,1
0xa3b5e86bd13e1e4e358f235eb0d343ffc02f1962,maker,NO,1599.5,2
0xa41ac48cdb459621a3aef40988fbd7845e550fd7,maker,NO,697.11317,1
0xa42dcbd880f9b32ad8ea06ef78d3323295f12e9a,maker,YES,8217.140549,5
0xa42dcbd880f9b32ad8ea06ef78d3323295f12e9a,taker,NO,8158.4933,4
0xa42dcbd880f9b32ad8ea06ef78d3323295f12e9a,taker,YES,1783.767079,1
0xa465a520c557ed253b755581fa1a2abf75936b06,maker,YES,2256.26843,1
0xa465a520c557ed253b755581fa1a2abf75936b06,taker,YES,666.0,1
0xa4aff4bf79aab9096d38d3c3d78195040a12f1c6,maker,NO,544.999999,1
0xa4bc3bbdac29e51c0c4f8485cd15e36d7478026c,maker,NO,12200.188799,5
0xa4bc3bbdac29e51c0c4f8485cd15e36d7478026c,maker,YES,2548.39642,3
0xa4bc3bbdac29e51c0c4f8485cd15e36d7478026c,taker,NO,8464.385180000001,4
0xa546adeca7a0139b653926e2abb2b57117954788,maker,NO,862.699998,1
0xa546adeca7a0139b653926e2abb2b57117954788,taker,NO,557.901998,1
0xa59c570a9eca148da55f6e1f47a538c0c600bb62,maker,NO,2771.41316,4
0xa59c570a9eca148da55f6e1f47a538c0c600bb62,taker,NO,680.0,1
0xa66790e2b0075e73c3781ddaf1d0b875a3aaceb3,maker,NO,1447.41933,2
0xa6f8220dfac596335d6b6719f2a2c7b451cc316d,maker,NO,934.5,1
0xa75cb55885d667de343b241d26268ef45981895e,maker,NO,9386.9149,6
0xa75cb55885d667de343b241d26268ef45981895e,taker,NO,5203.0103500000005,2
0xa82b0e89cf734e2fa70cbd52ca65c77d64595220,taker,NO,2233.709,3
0xa8af4c7923857533b687df9bf02115156e3a325e,maker,NO,582.7882,1
0xa8c63f775ddbbe66b56614191747def3021444e8,maker,NO,3482.99745,5
0xa97e43db0a4a6007899abf75817c452d5a7224ff,taker,NO,518.48346,1
0xa9e64cc5fcda8edc389b1f979922566ff2b91dc2,maker,YES,1999.999999,1
0xa9e64cc5fcda8edc389b1f979922566ff2b91dc2,taker,NO,4440.0,1
0xa9e64cc5fcda8edc389b1f979922566ff2b91dc2,taker,YES,772.84725,1
0xaa99a6c279d34492683db6ff1818aa1f8485dbbf,taker,NO,785.99745,1
0xab51c55eb5cefec49c52a174acc10b3cd69e2473,maker,YES,736.75646,1
0xab51c55eb5cefec49c52a174acc10b3cd69e2473,taker,YES,504.77962,1
0xac460e70c11e494a4983b16738933133c5dfdd54,maker,NO,1757.2591,1
0xac460e70c11e494a4983b16738933133c5dfdd54,taker,NO,3993.138804,3
0xad25846e05eb0bfa4fcdec2e8bc05cd602e9a8a4,maker,NO,1460.25,1
0xad87f6aeb9ab1aafa20dd4903e7f1ea261566a86,maker,NO,1768.4258,2
0xae41e174508f04e0524bd6cebf70a5356b6476c8,maker,NO,557.85654,1
0xae8c0a7928da80db160aafb1ddb33103539593cd,maker,NO,5259.781,3
0xae8c0a7928da80db160aafb1ddb33103539593cd,taker,NO,1631.1577000000002,2
0xaeac4869baa79d5d22ea4ecfc671955e535979c7,taker,NO,735.03884,1
0xaec38658ae47a6aabe8839f40e6d7da7996222df,maker,NO,799.999998,1
0xaec63dad7d5f2088d0151913e161fe819706b7e5,maker,NO,78875.670847,4
0xaec63dad7d5f2088d0151913e161fe819706b7e5,maker,YES,37920.654918,4
0xaec63dad7d5f2088d0151913e161fe819706b7e5,taker,NO,35970.49939,18
0xaec63dad7d5f2088d0151913e161fe819706b7e5,taker,YES,43538.335659,24
0xaed84e376ffe0a58958716075f81aa5545f26c32,maker,YES,525.0003,1
0xaed84e376ffe0a58958716075f81aa5545f26c32,taker,NO,1205.6373,1
0xaed84e376ffe0a58958716075f81aa5545f26c32,taker,YES,525.0003,1
0xafc5d2ec5b328aa3e30617eefdc347b8455f866b,taker,NO,1696.13424,1
0xb037428f49817b70269a846fbf0b9329177b500d,maker,NO,3378.19688,1
0xb037428f49817b70269a846fbf0b9329177b500d,maker,YES,3502.93759,2
0xb037428f49817b70269a846fbf0b9329177b500d,taker,NO,6926.9969,6
0xb10047d6a254b2ebb306d7a7d13bf59171ab6461,maker,NO,19804.871197,6
0xb10047d6a254b2ebb306d7a7d13bf59171ab6461,maker,YES,4909.39954,5
0xb10047d6a254b2ebb306d7a7d13bf59171ab6461,taker,NO,4281.58049,3
0xb341f7f25c02f7ed11e8b4929d2a0957ad57fd07,maker,YES,989.999999,1
0xb38002f0b1f1de06fc7caa78b82254541f98dae3,maker,NO,5929.33996,2
0xb38002f0b1f1de06fc7caa78b82254541f98dae3,maker,YES,19700.614318,4
0xb38002f0b1f1de06fc7caa78b82254541f98dae3,taker,NO,6996.25,4
0xb38002f0b1f1de06fc7caa78b82254541f98dae3,taker,YES,2387.207399,2
0xb416b22084be9d13d8854dba5de26b6e953bc7a1,maker,NO,4309.256196,3
0xb416b22084be9d13d8854dba5de26b6e953bc7a1,taker,NO,599.999998,1
0xb4f2310271b208f35b543bde10522db44cf67851,maker,YES,19933.60807,14
0xb4f2310271b208f35b543bde10522db44cf67851,taker,NO,3992.07978,4
0xb4f2310271b208f35b543bde10522db44cf67851,taker,YES,7283.463299999999,4
0xb4f3324f420c397762264a76961e2d57753e1f97,taker,NO,724.0905,1
0xb4fc3b8dfa7e5966df6d7ed8932e87eb46aaa926,maker,NO,768.0,1
0xb5be5967294150ca8a4a569030091f4b76451449,maker,NO,2111.8095,1
0xb6658f67e961328846c11a35253516b1ee2eed24,maker,NO,781.17115,1
0xb6c83e346ab31df6e24bc53ecb6e15c03b75b9e6,maker,NO,15257.39977,3
0xb6c83e346ab31df6e24bc53ecb6e15c03b75b9e6,taker,YES,665.92517,1
0xb78d9c7fdcde2075f50fb4a31672d17566ee0d5b,maker,NO,1217.46342,1
0xb7c0cc56b6f1566cab44dde650890fc5bbfab4cd,maker,NO,988.2993,1
0xb85de4f6f5a70a0ceebb62c555976721a9d04ac4,maker,NO,1943.06144,1
0xb866e020d08a3257efd7ea991e56a8bcb8d7977f,maker,NO,1277.67693,2
0xb89f5425341719d298dc2f5b9a92374f5fde1c44,maker,NO,886.89636,1
0xb89f5425341719d298dc2f5b9a92374f5fde1c44,taker,NO,886.89636,1
0xba2edeb6e896a063f7719da029f2b5e708d4c312,maker,YES,7933.04946,3
0xba2edeb6e896a063f7719da029f2b5e708d4c312,taker,NO,11030.82062,7
0xba2edeb6e896a063f7719da029f2b5e708d4c312,taker,YES,1635.80226,2
0xbaa2bcb5439e985ce4ccf815b4700027d1b92c73,maker,NO,103372.89384,21
0xbaa2bcb5439e985ce4ccf815b4700027d1b92c73,taker,NO,20045.00888,4
0xbaa2bcb5439e985ce4ccf815b4700027d1b92c73,taker,YES,1052.756,1
0xbacd00c9080a82ded56f504ee8810af732b0ab35,maker,NO,4815.74787,5
0xbacd00c9080a82ded56f504ee8810af732b0ab35,maker,YES,6739.53169,3
0xbacd00c9080a82ded56f504ee8810af732b0ab35,taker,NO,27223.926760000002,9
0xbad26fe5458e6219cec3e40272760e275e835296,maker,NO,2335.73382,3
0xbad26fe5458e6219cec3e40272760e275e835296,taker,NO,848.90888,1
0xbb39ba863319281427a482c8714ffdf69cb7ee8a,maker,NO,299541.40519,244
0xbb39ba863319281427a482c8714ffdf69cb7ee8a,maker,YES,2894.7894,1
0xbb39ba863319281427a482c8714ffdf69cb7ee8a,taker,NO,31359.980340000002,17
0xbb39ba863319281427a482c8714ffdf69cb7ee8a,taker,YES,8090.40993,3
0xbc2e8d08843a3aab6c7e72e6ec9239e06c52816f,taker,NO,1377.87894,2
0xbc43a2f0deb85ba4ad316300762972089c911540,maker,YES,4653.33972,1
0xbc43a2f0deb85ba4ad316300762972089c911540,taker,NO,3836.822,4
0xbc43a2f0deb85ba4ad316300762972089c911540,taker,YES,2094.61096,2
0xbc5b70e3133438447215636c6c58f58e450fc668,maker,YES,1033.25886,1
0xbc605ab11e44f0b09762313f2cdfb6b25514af79,maker,NO,3172.0,2
0xbc605ab11e44f0b09762313f2cdfb6b25514af79,taker,NO,2223.71,2
0xbd28553c3a883e3ab3423e588174c353b022e994,taker,NO,633.41005,1
0xbdafdf60ca4e5d72402e8d48d118a6a4cabd4c3f,taker,NO,742.63868,1
0xbdbbf6301dcdb644ccbb91784a6b29365ab8084e,maker,NO,1700.089555,2
0xbe1eb80e6cbaf6766097355f7e34014fcab57fa1,taker,NO,1086.363636,1
0xbe440d46f10db33db79ad6dc1a4d6cd0b7c96385,taker,NO,530.985094,1
0xbed2ee3d98a9405b8164fb0a733b2156bcafd00b,maker,NO,3626.58374,5
0xbed2ee3d98a9405b8164fb0a733b2156bcafd00b,maker,YES,3571.02688,5
0xbed2ee3d98a9405b8164fb0a733b2156bcafd00b,taker,NO,673.32788,1
0xbfda96f2a98f2e9947fffc463c493a9287bbd6fa,maker,NO,689.83686,1
0xbfda96f2a98f2e9947fffc463c493a9287bbd6fa,taker,NO,689.83686,1
0xbfe2ca560e558fa0d6868319e88cf84a076c8c49,maker,NO,5957.12834,1
0xbfe2ca560e558fa0d6868319e88cf84a076c8c49,taker,NO,1968.20802,1
0xbfe2ca560e558fa0d6868319e88cf84a076c8c49,taker,YES,1363.56758,1
0xbff39b9750aa814a67ecf19a461b0e406bd3a023,maker,NO,504.296,1
0xc02147dee42356b7a4edbb1c35ac4ffa95f61fa8,maker,NO,7129.28553,5
0xc02147dee42356b7a4edbb1c35ac4ffa95f61fa8,taker,YES,1684.52043,1
0xc038548349b05f1c0023baa5e8baa3d723ea2c07,taker,NO,1134.7135,2
0xc0a1298e2d6ba216efb554865369152da9c5a33b,maker,NO,19791.999998,1
0xc0a1298e2d6ba216efb554865369152da9c5a33b,taker,NO,16467.949968,5
0xc0e524c7e58c89b8b8c8a8330697efcfa83d6208,maker,YES,700.0,1
0xc0e524c7e58c89b8b8c8a8330697efcfa83d6208,taker,NO,5980.376200000001,3
0xc0eea70081e176f3548b409742d6e361c0fdec14,maker,YES,1347.35122,2
0xc0eea70081e176f3548b409742d6e361c0fdec14,taker,YES,576.10483,1
0xc115985a2ec1a736a5b8212a6ad41c5568ba7b4a,maker,NO,1715.77575,1
0xc115985a2ec1a736a5b8212a6ad41c5568ba7b4a,maker,YES,699.999999,1
0xc115985a2ec1a736a5b8212a6ad41c5568ba7b4a,taker,NO,4670.487838,2
0xc12a9983721b113e545a6a0edfb4ad5096bbdc73,maker,YES,1019.67096,1
0xc1c02288a9c39e6299327d2d21784e12cef74cd4,taker,NO,6857.730315,4
0xc26629ee1555084e74c45847e9179880cb4d2f2f,maker,YES,11671.44823,4
0xc26629ee1555084e74c45847e9179880cb4d2f2f,taker,NO,19001.30715,10
0xc26629ee1555084e74c45847e9179880cb4d2f2f,taker,YES,2641.1329100000003,2
0xc31f7154ffdbb8eec0695ca02ff927ff5c192efc,maker,YES,21831.534074000003,13
0xc31f7154ffdbb8eec0695ca02ff927ff5c192efc,taker,NO,1036.12525,2
0xc3a26fbdb9c797bbc463e72cff2525a76f0d267a,taker,NO,809.090909,1
0xc3f975e6141d597bf5c28ac8fd2a6a035111cf37,maker,NO,1872.66177,1
0xc3f975e6141d597bf5c28ac8fd2a6a035111cf37,taker,NO,1827.84177,1
0xc41fd602ee7c05aa49303e65a5460bcecc907145,maker,NO,4069.109998,1
0xc41fd602ee7c05aa49303e65a5460bcecc907145,taker,NO,2625.9285,1
0xc4d14154e1299aeecf325f2fa718e16e5026a0e8,maker,NO,713.079998,1
0xc525bfe405172342fc3d182af8a8713a2fef396f,maker,NO,24390.01509,2
0xc53b7c3d88eadac6bf559e765cd858b3c4a37049,maker,YES,999.999999,1
0xc53b7c3d88eadac6bf559e765cd858b3c4a37049,taker,YES,792.0,1
0xc56bb8a556aa229598081f261032eb42a71d0e6d,maker,NO,19252.58323,15
0xc56bb8a556aa229598081f261032eb42a71d0e6d,taker,NO,1353.813,2
0xc6393f5177345cf7b9d9f3fbb782fd72da00c5a2,maker,NO,2097.3799950000002,2
0xc6393f5177345cf7b9d9f3fbb782fd72da00c5a2,taker,NO,997.29,1
0xc6587b11a2209e46dfe3928b31c5514a8e33b784,maker,YES,11485.20835,3
0xc6587b11a2209e46dfe3928b31c5514a8e33b784,taker,NO,52259.739,26
0xc67c310db8677fdbb360ba40eeecb6690c809ad5,maker,NO,9656.149996,2
0xc67c310db8677fdbb360ba40eeecb6690c809ad5,taker,NO,6521.349998,3
0xc6dd722558dbfbd8fa780efcbe819ed8c6604b9f,maker,NO,8434.802238,4
0xc6dd722558dbfbd8fa780efcbe819ed8c6604b9f,maker,YES,1774.32336,1
0xc6dd722558dbfbd8fa780efcbe819ed8c6604b9f,taker,NO,709.4295,1
0xc6dd722558dbfbd8fa780efcbe819ed8c6604b9f,taker,YES,1707.5718,1
0xc77bc7c12cff77cd80de2d3377ce22aec3a6a526,maker,NO,683.1,1
0xc80ffc66a00a1a688f68e588b32487cb573e93c8,maker,NO,66023.854716,48
0xc80ffc66a00a1a688f68e588b32487cb573e93c8,taker,NO,4158.873,5
0xc84f7e76ec28ef20e7773b7b4926bfb7378be0c5,maker,YES,6225.24088,4
0xc84f7e76ec28ef20e7773b7b4926bfb7378be0c5,taker,NO,1955.1934999999999,3
0xc84f7e76ec28ef20e7773b7b4926bfb7378be0c5,taker,YES,4112.9929,3
0xc851cd9bee7d262afd78674f861f9f576a12cd2a,maker,YES,4557.8763,2
0xc851cd9bee7d262afd78674f861f9f576a12cd2a,taker,YES,2056.4852,1
0xc8ab97a9089a9ff7e6ef0688e6e591a066946418,maker,NO,2211.272199,2
0xc967d7e99844d09a0d7710d7f92e2c03a863b5b9,maker,YES,1779.6013790000002,2
0xc967d7e99844d09a0d7710d7f92e2c03a863b5b9,taker,NO,2743.5276000000003,2
0xc9751b5f25e1ecd88ec4630d19422b58d0562c68,maker,NO,835.87385,1
0xc97b0b2a2547bb3ed57167092ef8a6e816c347e5,maker,NO,4172.438301,4
0xc97d8eda52cc7d2d165b9fc53f2d166428951c2e,maker,NO,11206.95424,9
0xc97d8eda52cc7d2d165b9fc53f2d166428951c2e,taker,NO,6979.92889,4
0xc9af1dbbbb45a73117057c10d4ca3a6ffc4bd013,taker,NO,2209.722,2
0xcaf1946d13a1a7967f5d3c76780d012e56b09ad1,maker,NO,17696.0268,2
0xcaf1946d13a1a7967f5d3c76780d012e56b09ad1,taker,NO,8390.60688,5
0xcaf1946d13a1a7967f5d3c76780d012e56b09ad1,taker,YES,4507.7046,2
0xcb177feaf0a24ff99610000190124db6d235d935,taker,NO,2908.375272,2
0xcb516a0c8b8ba2e42ff5c123e2f624d6cce6359d,maker,NO,619.05567,1
0xcbf572d3efd12d26239f3cd036ed4d4bf8ef53c9,maker,YES,873.56409,1
0xcc20100ee9c87c77f6128f11d7f0c651c991bbd0,taker,NO,720.0,1
0xcc6e0ef500f1acea5df228a5b4f4dc97218cfa6f,maker,NO,3577.149998,1
0xcc6e0ef500f1acea5df228a5b4f4dc97218cfa6f,taker,YES,783.2,1
0xccf5f90e57188815f12b881c52144cf1cc4f42f2,maker,NO,698.089999,1
0xcd7362040aa08ebb814f1a3016bb35ccdf6a97cd,maker,YES,4992.0,1
0xcd9f22d24c674f82d67fd545a3ef596173c72661,maker,YES,1282.0284,1
0xcd9f22d24c674f82d67fd545a3ef596173c72661,taker,NO,2124.672,1
0xcdbc69eb662396d5a1877b7fe5063c2cb898f38b,maker,YES,39348.848999,17
0xcdbc69eb662396d5a1877b7fe5063c2cb898f38b,taker,NO,14934.237949999999,15
0xcdbc69eb662396d5a1877b7fe5063c2cb898f38b,taker,YES,3925.3217,3
0xce7c72746a041f135cc3d7de92595dbfaf0ee24f,maker,YES,593.36894,1
0xcf181837087772b67f9021f8a512c2bbe02f8a0d,maker,NO,1052.91219,1
0xcf181837087772b67f9021f8a512c2bbe02f8a0d,maker,YES,539.072,1
0xcf181837087772b67f9021f8a512c2bbe02f8a0d,taker,NO,853.66452,1
0xcf181837087772b67f9021f8a512c2bbe02f8a0d,taker,YES,539.072,1
0xcf19c420814435ffb1c459588208ed23a7ee6402,maker,NO,59670.406171,13
0xcf19c420814435ffb1c459588208ed23a7ee6402,taker,NO,720.0,1
0xcf19c420814435ffb1c459588208ed23a7ee6402,taker,YES,9860.5276,1
0xcf22ab2bb263e8c8dc1dc4353dd0320825290d8f,maker,NO,9250.0,2
0xcf6087abd66e16b59a122d45bfcdc05d4b7247ce,maker,YES,8834.0162,4
0xcf6087abd66e16b59a122d45bfcdc05d4b7247ce,taker,YES,1148.2727,1
0xcf6a714618a328c608a1c70cb62a31a6bef3f9d0,maker,YES,744.06045,1
0xcf6a714618a328c608a1c70cb62a31a6bef3f9d0,taker,NO,1075.62156,1
0xcfb502224876900f577704a19580ec67f0877d2d,maker,NO,1607.03244,1
0xcfb502224876900f577704a19580ec67f0877d2d,taker,NO,2407.122,2
0xd0394bd0de8d901c3fde039a86bf08e6aa4a2532,maker,NO,7577.259480000001,2
0xd08e8f5efb47d9ff61c30e9c8546f82f7f2a2f7c,taker,NO,1773.898307,3
0xd10f60b88b8528db901b0fb7aecc07aa820cf12f,maker,YES,2099.999999,1
0xd10f60b88b8528db901b0fb7aecc07aa820cf12f,taker,NO,1939.42777,3
0xd175599d0034bfeb1c478827d201442048ee46ef,maker,YES,5378.62908,1
0xd175599d0034bfeb1c478827d201442048ee46ef,taker,NO,2683.5940499999997,2
0xd175599d0034bfeb1c478827d201442048ee46ef,taker,YES,3887.5482,1
0xd1acd3925d895de9aec98ff95f3a30c5279d08d5,maker,YES,4585.374,2
0xd26a404a3c2b17f7d552dab5798815a0a0468f24,taker,NO,3700.4928,3
0xd27cc742d023d06ef633a4c880cf1ff1836ec081,maker,YES,3473.112259,2
0xd27cc742d023d06ef633a4c880cf1ff1836ec081,taker,NO,4625.1094330000005,3
0xd28021317c1be36239e8d930dee7d6c3a40082b3,maker,NO,3583.66132,4
0xd2a805f1ff9d1cb1bc89c21c8f9c4aa7254f5c27,maker,NO,10361.719998,1
0xd2a805f1ff9d1cb1bc89c21c8f9c4aa7254f5c27,maker,YES,1578.6842390000002,2
0xd2a805f1ff9d1cb1bc89c21c8f9c4aa7254f5c27,taker,NO,9070.649312,8
0xd2a805f1ff9d1cb1bc89c21c8f9c4aa7254f5c27,taker,YES,1434.15853,2
0xd3a6e523c440f94f9259398fbcf7b5cc5ccffd55,maker,NO,11655.218979000001,8
0xd4140031e313f8d850740a80d2ee6653c925a4db,maker,NO,16427.01852,18
0xd4140031e313f8d850740a80d2ee6653c925a4db,taker,NO,707.2855,1
0xd4140031e313f8d850740a80d2ee6653c925a4db,taker,YES,557.7906,1
0xd426adbc3c4461c86099c26221c877f20e42334a,maker,YES,4280.84752,3
0xd426adbc3c4461c86099c26221c877f20e42334a,taker,YES,1810.88112,2
0xd44e974a3edb232aa4aedbdcc59792b76a5f67e2,maker,YES,5185.265499,4
0xd44e974a3edb232aa4aedbdcc59792b76a5f67e2,taker,NO,6313.385679999999,4
0xd4bb827c0227774bcde1bd881b36c7d93854a993,maker,NO,738.396,1
0xd4bb827c0227774bcde1bd881b36c7d93854a993,taker,NO,738.396,1
0xd5196bdf50199e195c58a6aff2114cc0e455932c,maker,YES,598.48256,1
0xd51bf2e4d798adc92df0f303ec341abce4b49606,maker,NO,3315.674084,3
0xd57d76c832674adddd39d9ae1d34cc98c69b80d0,taker,NO,2920.83267,4
0xd592400c366db77ae75ae92d0cd8cf3331e0b119,maker,NO,1052.799979,1
0xd5d75539d4914aadfafd042c10141e5f45e44952,maker,NO,565.51768,1
0xd5d75539d4914aadfafd042c10141e5f45e44952,taker,NO,507.2452,1
0xd66ba17ae0f4817a4fba508ae38c2b34442f1220,maker,YES,1021.38725,1
0xd66ba17ae0f4817a4fba508ae38c2b34442f1220,taker,YES,1021.38725,1
0xd67ba35aef659c872377a5ac2becb7ada7f85780,maker,YES,10859.11511,4
0xd67ba35aef659c872377a5ac2becb7ada7f85780,taker,NO,13302.50949,6
0xd67ba35aef659c872377a5ac2becb7ada7f85780,taker,YES,4608.1451,3
0xd6c913dfbae16a532f93f4a9385379a42696396d,maker,YES,2205.789999,1
0xd6c913dfbae16a532f93f4a9385379a42696396d,taker,NO,591.0,1
0xd798dd71419ac9f8a27241a9c26144419089669f,maker,YES,504.92692,1
0xd798dd71419ac9f8a27241a9c26144419089669f,taker,NO,2073.1829,3
0xd7ee835cecd49a3f4c0f0c2b2e2382092ecb0e97,maker,YES,2857.349037,4
0xd7ee835cecd49a3f4c0f0c2b2e2382092ecb0e97,taker,NO,3861.925318,5
0xd8d5289c35124b5353f5a10a28b8cc29aec38935,taker,NO,2757.8145,2
0xd8d5468ec132315e4209592bdc08987dc8b9c676,taker,NO,1885.3291,3
0xd8fd8a34a0535894b372a8b78aa4fc3d94ed4d36,taker,NO,606.8444,1
0xd902d85156fe7b309c12299375c00d86ea83cdb9,maker,YES,5498.016268,5
0xd902d85156fe7b309c12299375c00d86ea83cdb9,taker,NO,1456.1464,1
0xd902d85156fe7b309c12299375c00d86ea83cdb9,taker,YES,669.0,1
0xda0f4e3f79a50b8601b3cb9d421f48ce11bbf0e7,maker,NO,1542.48042,2
0xdaef2be2a19ad331737d06545f85615b094554e9,maker,YES,4554.53291,5
0xdaef2be2a19ad331737d06545f85615b094554e9,taker,NO,953.47,1
0xdb861c1cf148338119e2b481f13572b938b41dc5,maker,NO,2896.4699929999997,3
0xdbade4c82fb72780a0db9a38f821d8671aba9c95,maker,NO,4754.995924,3
0xdc03d611e5bcc9f1c87edb95edeb91671471804c,maker,NO,67308.73659,25
0xdc03d611e5bcc9f1c87edb95edeb91671471804c,taker,NO,10428.701609999998,4
0xdc03d611e5bcc9f1c87edb95edeb91671471804c,taker,YES,3199.3079,3
0xdcc47fd06e6cbfd4315ae5da9580e694a8110ba7,taker,NO,3142.075438,4
0xdd0a22a520624502c92c8b5138ad70669ca2c642,maker,NO,8425.99822,2
0xdd2f7447034e1f4feefd4e26c13a0772f6b17e70,taker,NO,515.768939,1
0xddce519c698ac75e9ce9db92c2bd8fca9965d50b,maker,NO,1999.999999,1
0xddce519c698ac75e9ce9db92c2bd8fca9965d50b,taker,NO,602.120249,1
0xde76d11132e2263c5c7d7f2e85c0e6bf000be923,maker,YES,600.0,1
0xde7be6d489bce070a959e0cb813128ae659b5f4b,maker,YES,38588.958671,13
0xde7be6d489bce070a959e0cb813128ae659b5f4b,taker,NO,90009.55786,26
0xde7be6d489bce070a959e0cb813128ae659b5f4b,taker,YES,10030.63848,2
0xde87483317e234c2252dcfb63e36a4a1b4eb11a2,maker,YES,600.0,1
0xde937b881ce91af505820ef55e5456c8edc85ff7,maker,NO,999.999998,1
0xde937b881ce91af505820ef55e5456c8edc85ff7,taker,NO,840.0,1
0xdf17f4a8dd01a4cfa6fc3da323a2baee5f8697d1,maker,YES,504.77962,1
0xdf31f30184b4c19d755257cdee2f7bbb3533d532,maker,YES,3511.2855,2
0xdf31f30184b4c19d755257cdee2f7bbb3533d532,taker,NO,823.53042,1
0xdf31f30184b4c19d755257cdee2f7bbb3533d532,taker,YES,1921.53994,1
0xdfe3fedc5c7679be42c3d393e99d4b55247b73c4,maker,NO,20433.620996999998,5
0xe071a0f480a05476bccf9c68165249bb1d5cff3e,maker,YES,1149.303,1
0xe071a0f480a05476bccf9c68165249bb1d5cff3e,taker,NO,4702.86796,2
0xe1194d05876b71b05572c1b59bd49a157f21e30f,maker,NO,135983.86411,114
0xe1194d05876b71b05572c1b59bd49a157f21e30f,taker,NO,26408.04657,26
0xe1194d05876b71b05572c1b59bd49a157f21e30f,taker,YES,21045.2111,21
0xe193b6a5551945fb3cc3c21e06ad8e04667ccc85,maker,YES,5579.979149000001,6
0xe1b361d6a6f237b9ed7534d19b232df8369e1426,maker,NO,567.0,1
0xe1fc69db7fbc62560a87eb82c239fe2b715644df,taker,NO,501.0,1
0xe24f4d2cd4c533dda10eea5392bb791f3ffebae5,maker,YES,578.359999,1
0xe24f4d2cd4c533dda10eea5392bb791f3ffebae5,taker,NO,4345.704326,5
0xe25b9180f5687aa85bd94ee309bb72a464320f1b,maker,YES,1425.19309,1
0xe312101a6ea5c00821b74e2855c2674147b2e0b2,maker,YES,522.496,1
0xe312101a6ea5c00821b74e2855c2674147b2e0b2,taker,NO,1032.493,1
0xe31b69a0d64c2483654cae73f15c98836b6f5f28,taker,NO,1139.683104,2
0xe38f240aec7b1dd34993341fa1f1db5300e18e46,maker,NO,1084.799998,1
0xe39f823984d874a7baa6f0ccad7bd9132fe2ed6e,maker,NO,2602.549994,2
0xe39f823984d874a7baa6f0ccad7bd9132fe2ed6e,taker,YES,558.077994,1
0xe46e0ee94e1894d6a296b37fbe1daf55eb19c07d,taker,NO,595.59575,1
0xe472ce6be1fb4673d6155de37e414ead8bace7eb,maker,NO,13469.487000000001,17
0xe472ce6be1fb4673d6155de37e414ead8bace7eb,taker,NO,1206.88777,2
0xe4b39b86fcc7c94a34c3201c0349c6cc2414c131,taker,NO,803.94264,1
0xe4b819f0244e3e72997781846bf0e57efb892256,maker,YES,2859.151899,3
0xe4b819f0244e3e72997781846bf0e57efb892256,taker,YES,652.34904,1
0xe521e0ab667b580284cc1bc126caea9626a5a60e,taker,NO,572.4,1
0xe620cb7c6a2f8858f7f67fad033628a4057003ac,maker,NO,3630.209507,3
0xe64e2072870219b2ff9490f2e7aee6b1d007c86f,maker,NO,513.54552,1
0xe65b960189de07d620f6075be6249eb8b156271b,maker,NO,1512.72021,2
0xe65b960189de07d620f6075be6249eb8b156271b,taker,NO,713.152,1
0xe687a0fac0a5c78b6aaa6c8fbf2b7ff90e234d3e,maker,NO,530.4,1
0xe7850b1343b7083eaf97d67e75fd2cc450c31180,maker,NO,568.478,1
0xe7c1119058e3b169b4eff4c8da84bc6973393e0b,maker,NO,598.5,1
0xe802762155a545c8f1b9b3d5d648ad76f4efe465,maker,NO,2404.32385,1
0xe802762155a545c8f1b9b3d5d648ad76f4efe465,taker,NO,2380.72385,3
0xe823252ba8634bd6c3723db9c300f703cb3a2a61,taker,NO,2801.552065,3
0xe83aff03be2cbeadc9508c90a9175daa7038e270,maker,NO,6811.369998,1
0xe83aff03be2cbeadc9508c90a9175daa7038e270,taker,NO,631.2,1
0xe83aff03be2cbeadc9508c90a9175daa7038e270,taker,YES,504.0,1
0xe994dd1c00995ee56bec36ffb0e908fb45a15d47,taker,NO,1202.4337799999998,2
0xe9c7cffc78c45bc98862180d032028c09f94147a,maker,NO,840.0,1
0xe9d54da2c77d27b6daa31c346794b22d10986b9a,maker,NO,4206.47695,4
0xea2f794a7f0ce05e4bbd357b3ccbb3bd2048a8ef,maker,YES,519.37452,1
0xea7957606f259bcba522a4681494555547a7a9cc,maker,NO,86070.765512,63
0xea7957606f259bcba522a4681494555547a7a9cc,maker,YES,7542.23595,3
0xea7957606f259bcba522a4681494555547a7a9cc,taker,NO,785.00083,1
0xea7957606f259bcba522a4681494555547a7a9cc,taker,YES,4699.16096,4
0xeafc14c8639ef6fbf882b74c3e6de2fe72d10d5c,maker,YES,757.5603,1
0xeafc14c8639ef6fbf882b74c3e6de2fe72d10d5c,taker,NO,1556.58048,2
0xeafc14c8639ef6fbf882b74c3e6de2fe72d10d5c,taker,YES,757.5603,1
0xebdfd86787aab9c151b2e9b3648f4848fc2ada25,taker,NO,1263.56346,1
0xec0fea48c6522572a001e265ac64506a20e9d44e,maker,NO,1703.2816,1
0xec15908a72702ef0b229171b9c534a64c04e9b0c,taker,NO,731.601,1
0xec2672bd9667b322a77c81a8ae681bce1864bf95,maker,NO,10583.11564,6
0xec3bb924a5e974b5142fd70948200d3c1a453418,maker,YES,678.869999,1
0xec3bb924a5e974b5142fd70948200d3c1a453418,taker,NO,600.0,1
0xec3bb924a5e974b5142fd70948200d3c1a453418,taker,YES,624.699999,1
0xec5fe39930b0b3b91e5f331927422d4ba2b72a90,maker,NO,8144.879995,2
0xec5fe39930b0b3b91e5f331927422d4ba2b72a90,taker,NO,1939.45795,3
0xec5fe39930b0b3b91e5f331927422d4ba2b72a90,taker,YES,1380.234314,2
0xec7035d16211f2993461d6b7ff7d5c6a8a33e529,maker,NO,530.67118,1
0xec7035d16211f2993461d6b7ff7d5c6a8a33e529,taker,NO,508.62016,1
0xeca0c0888e34df59589c67fbe53dc7f298b5e8f8,maker,NO,4232.4820199999995,4
0xeca0c0888e34df59589c67fbe53dc7f298b5e8f8,maker,YES,6296.415989,4
0xeca0c0888e34df59589c67fbe53dc7f298b5e8f8,taker,NO,1845.3375,1
0xeca0c0888e34df59589c67fbe53dc7f298b5e8f8,taker,YES,4123.011219,5
0xecbeba24a9e7d8fc3091db367f2578e911ac42ff,maker,YES,5944.37868,8
0xecef29d3d91b251c9e24dcd84ac242cb1702b593,maker,NO,18427.02571,7
0xecef29d3d91b251c9e24dcd84ac242cb1702b593,maker,YES,3333.0564,3
0xecef29d3d91b251c9e24dcd84ac242cb1702b593,taker,NO,2813.05298,4
0xecef29d3d91b251c9e24dcd84ac242cb1702b593,taker,YES,8565.3866,4
0xee0b2e976171ec4a8dba85d2183e32811ccb9dc0,maker,NO,4626.579998,1
0xee0b2e976171ec4a8dba85d2183e32811ccb9dc0,taker,NO,3243.02328,2
0xeedbc7bcc22f14e16f2cdf7ac01243bc806359e5,maker,NO,1665.48346,3
0xef9f447115075a4a8b7edd8eac47a64e094179ee,maker,YES,4015.2867100000003,5
0xef9f447115075a4a8b7edd8eac47a64e094179ee,taker,YES,670.0,1
0xefe8af61e75cf922ac3ca7cca2d777ef41b5e0f2,maker,NO,1099.26372,1
0xefe8af61e75cf922ac3ca7cca2d777ef41b5e0f2,taker,NO,1082.1002,1
0xeff9837de49ff99f1a2e5f7fa03e27a07b3c05fd,maker,YES,2235.575359,2
0xeff9837de49ff99f1a2e5f7fa03e27a07b3c05fd,taker,YES,1737.8082399999998,2
0xf0001334890299a598c591ecb31a74bec5a278c9,taker,NO,2268.036,2
0xf03e9f1dab5cbcf12a5a597395c791823d28fe3b,maker,YES,967.16021,1
0xf03e9f1dab5cbcf12a5a597395c791823d28fe3b,taker,NO,5413.41665,4
0xf0b0105e98cea35809bdeeb0046b95ddb1a88e3c,maker,YES,1831.999997,3
0xf0b0105e98cea35809bdeeb0046b95ddb1a88e3c,taker,NO,588.14458,1
0xf0b0105e98cea35809bdeeb0046b95ddb1a88e3c,taker,YES,601.844999,1
0xf0bf7489e94705d8ecf3e823dda63dea027684c7,maker,YES,1238.38827,2
0xf0bf7489e94705d8ecf3e823dda63dea027684c7,taker,NO,2602.9224,1
0xf1554a6292c37db1cd007102b0f55bd7e7ac76bd,maker,NO,4145.73075,1
0xf1554a6292c37db1cd007102b0f55bd7e7ac76bd,taker,NO,4145.73075,1
0xf192501abae4c453cc15ddbe9543ed11e99a6ee2,taker,NO,775.0,1
0xf1f9a438f2697381b4ac8eb283d6f4dd772d1245,maker,YES,4283.127031,5
0xf1f9a438f2697381b4ac8eb283d6f4dd772d1245,taker,NO,3500.0,1
0xf1f9a438f2697381b4ac8eb283d6f4dd772d1245,taker,YES,510.0,1
0xf2b05d854e0af18e70b76e96534e2e7f7a04b26b,maker,NO,999.999999,1
0xf31b74c1f464a97aa775e19195f94e125092241b,maker,NO,4506.91212,3
0xf31b74c1f464a97aa775e19195f94e125092241b,taker,NO,583.64648,1
0xf3fb23c98cb720442dc0f019a8cadc5b132eb340,maker,NO,534.896,1
0xf495c198a6f763cf4d06bef0cfb0020999763429,taker,NO,928.60682,1
0xf4baccff188321440a1ed01a5d5fd89c3e1f5933,taker,NO,3408.0624399999997,4
0xf65b66a5ccb0876ea8b972c2952c99f1d527e257,maker,NO,675.0,1
0xf71f4fd25ad343606725ff3fc09f8bcff450043a,maker,NO,5520.0,4
0xf7489d16282d3f223be74cd3fa75890781b9ecb8,taker,NO,524.141538,1
0xf76b8a0b3fd7883f971127f7bc26c80ee0e60062,maker,YES,604.06,1
0xf76b8a0b3fd7883f971127f7bc26c80ee0e60062,taker,NO,7778.84797,6
0xf81c11c712ac751d2fa21fcb3c617e2b1ba94540,taker,NO,2662.908,3
0xf9d535772359fc53979a44b98bd69f5a82ebfba3,maker,NO,774.2572,1
0xfa394a598dbf573202a8286b45f512c7a383977f,maker,NO,1144.08738,2
0xfab141988e3194c5a5f09b40520fe6612d7c7c93,taker,NO,565.8,1
0xfacd5eb6566d469f71fb42415177c74eb27d9109,maker,NO,2833.0772399999996,2
0xfacd5eb6566d469f71fb42415177c74eb27d9109,taker,NO,603.74664,1
0xfb5148fc7223630e0967dbfa8cd920d83ab4742d,maker,NO,3607.9574000000002,4
0xfba638c083dcd88a6711a1ffba4352c5431a1fca,maker,NO,6443.1487400000005,3
0xfba638c083dcd88a6711a1ffba4352c5431a1fca,taker,NO,5127.40874,1
0xfc2f4f50ce2f6045d35558a5e2d8d4b2ac6610c7,maker,YES,8456.352359999999,6
0xfc2f4f50ce2f6045d35558a5e2d8d4b2ac6610c7,taker,NO,7208.89242,4
0xfc2f4f50ce2f6045d35558a5e2d8d4b2ac6610c7,taker,YES,780.7324,1
0xfc8dce60c93690dd7a22b0024693294f0afe55c5,maker,NO,3097.16967,5
0xfc8dce60c93690dd7a22b0024693294f0afe55c5,taker,NO,519.23862,1
0xfcf2378f20cf408d077c21e731272f21cccea469,maker,NO,10189.622627,5
0xfcf2378f20cf408d077c21e731272f21cccea469,taker,NO,732.2875,1
0xfd3131e14052d70d4907fbf231b3126c6f29d389,maker,NO,2147.519823,2
0xfd66d7ed45d7962ad009e669cdaec9319e38fb6d,maker,YES,32406.550498,19
0xfd66d7ed45d7962ad009e669cdaec9319e38fb6d,taker,NO,46003.305,17
0xfd66d7ed45d7962ad009e669cdaec9319e38fb6d,taker,YES,9386.1506,1
0xfd9f38391aebfcb3bd8dc117961ae881b37b6610,maker,NO,2863.5801,2
0xfe0216df8c009130ea8beb63ed50ee5caddfb22d,taker,NO,2725.317692,1
0xfe20afbfdd53f2a06354bf8fd0f5a2b43c31516f,taker,NO,693.954,1
0xfe495635aad93a476355c5ce38ae0af530197a4c,maker,NO,2706.19738,4
0xff7ca9cd180d33119e653e3eb50555a3e2ccb233,maker,YES,1793.7031299999999,2
0xff7ca9cd180d33119e653e3eb50555a3e2ccb233,taker,NO,5304.0094,5
0xff7ca9cd180d33119e653e3eb50555a3e2ccb233,taker,YES,1268.42457,1
0xff9152ac8cb6260419ea8940248177083aceab3a,maker,NO,8417.52784,8
0xff9152ac8cb6260419ea8940248177083aceab3a,taker,NO,864.5816,1
0xff9987b272e9730e9b23d03d9cee2e49d8d75602,maker,YES,9744.019998,2
0xff9987b272e9730e9b23d03d9cee2e49d8d75602,taker,NO,1560.21948,2
0xff9987b272e9730e9b23d03d9cee2e49d8d75602,taker,YES,6727.453469,4
0xffeafb3a833da1d324af43edd7f106fe138a06c0,maker,NO,710.25,1
